0.0,0.0051920413970947266,0.0051920413970947266
0.009263277053833008,0.014603137969970703,0.005339860916137695
0.018563270568847656,0.022304058074951172,0.0037407875061035156
0.02900409698486328,0.03168606758117676,0.0026819705963134766
0.051595211029052734,0.058866024017333984,0.00727081298828125
0.05876016616821289,0.06521105766296387,0.0064508914947509766
0.06840705871582031,0.07537412643432617,0.006967067718505859
0.07755208015441895,0.08411812782287598,0.006566047668457031
0.10010123252868652,0.1048741340637207,0.00477290153503418
0.10942220687866211,0.11646604537963867,0.0070438385009765625
0.11852288246154785,0.1267552375793457,0.008232355117797852
0.12737226486206055,0.1351461410522461,0.007773876190185547
0.15065312385559082,0.1572732925415039,0.006620168685913086
0.15955305099487305,0.16756725311279297,0.008014202117919922
0.1685640811920166,0.17557215690612793,0.007008075714111328
0.17836308479309082,0.19544410705566406,0.017081022262573242
0.2007291316986084,0.20708727836608887,0.006358146667480469
0.2090160846710205,0.21664690971374512,0.007630825042724609
0.21895933151245117,0.22590327262878418,0.006943941116333008
0.22815799713134766,0.23227500915527344,0.004117012023925781
0.24973011016845703,0.25585317611694336,0.006123065948486328
0.2588660717010498,0.26306796073913574,0.0042018890380859375
0.2685420513153076,0.27599310874938965,0.007451057434082031
0.2784891128540039,0.28649306297302246,0.008003950119018555
0.2990541458129883,0.30861616134643555,0.009562015533447266
0.3082592487335205,0.3114030361175537,0.003143787384033203
0.318195104598999,0.325451135635376,0.007256031036376953
0.3275752067565918,0.33584117889404297,0.008265972137451172
0.34987497329711914,0.35558509826660156,0.005710124969482422
0.3591310977935791,0.3654751777648926,0.0063440799713134766
0.3686668872833252,0.38372802734375,0.015061140060424805
0.3783092498779297,0.3877830505371094,0.009473800659179688
0.3993799686431885,0.40633511543273926,0.006955146789550781
0.40914201736450195,0.4137852191925049,0.00464320182800293
0.41892099380493164,0.4234142303466797,0.004493236541748047
0.4284381866455078,0.43758511543273926,0.009146928787231445
0.4507021903991699,0.4561271667480469,0.005424976348876953
0.4590122699737549,0.475034236907959,0.0160219669342041
0.47271203994750977,0.48334717750549316,0.010635137557983398
0.4788811206817627,0.4849228858947754,0.006041765213012695
0.5003170967102051,0.5087871551513672,0.00847005844116211
0.5094668865203857,0.5150952339172363,0.005628347396850586
0.5188019275665283,0.5238521099090576,0.005050182342529297
0.528947114944458,0.538170337677002,0.009223222732543945
0.5496780872344971,0.5549440383911133,0.005265951156616211
0.5593161582946777,0.5664730072021484,0.007156848907470703
0.5692582130432129,0.584287166595459,0.015028953552246094
0.5789079666137695,0.5867359638214111,0.007827997207641602
0.5992791652679443,0.605288028717041,0.00600886344909668
0.6096560955047607,0.6155300140380859,0.005873918533325195
0.6185240745544434,0.6227741241455078,0.004250049591064453
0.6288981437683105,0.6353590488433838,0.006460905075073242
0.6507980823516846,0.6611521244049072,0.010354042053222656
0.6601171493530273,0.6706812381744385,0.010564088821411133
0.6687560081481934,0.6738300323486328,0.005074024200439453
0.6786282062530518,0.6868569850921631,0.008228778839111328
0.6999340057373047,0.7115640640258789,0.011630058288574219
0.709315299987793,0.7166612148284912,0.007345914840698242
0.7177762985229492,0.729727029800415,0.01195073127746582
0.728222131729126,0.735051155090332,0.006829023361206055
0.7497532367706299,0.7599101066589355,0.010156869888305664
0.7580471038818359,0.7615461349487305,0.0034990310668945312
0.7676191329956055,0.7720692157745361,0.004450082778930664
0.7776191234588623,0.7816760540008545,0.0040569305419921875
0.7998950481414795,0.8058252334594727,0.005930185317993164
0.8088791370391846,0.8245651721954346,0.01568603515625
0.818418025970459,0.8245911598205566,0.006173133850097656
0.8286342620849609,0.8319602012634277,0.003325939178466797
0.8495621681213379,0.8551790714263916,0.005616903305053711
0.8587799072265625,0.8636119365692139,0.004832029342651367
0.8681039810180664,0.8787562847137451,0.010652303695678711
0.878715991973877,0.8843891620635986,0.00567317008972168
0.9000930786132812,0.907616138458252,0.007523059844970703
0.9091992378234863,0.9134039878845215,0.004204750061035156
0.9183611869812012,0.9248051643371582,0.006443977355957031
0.9283993244171143,0.9410982131958008,0.012698888778686523
0.9507741928100586,0.9556851387023926,0.004910945892333984
0.9595789909362793,0.9693460464477539,0.00976705551147461
0.9687821865081787,0.9758632183074951,0.007081031799316406
0.9787259101867676,0.9919931888580322,0.013267278671264648
0.9999072551727295,1.0100319385528564,0.010124683380126953
1.0087320804595947,1.0132050514221191,0.004472970962524414
1.0183861255645752,1.0222699642181396,0.003883838653564453
1.0281791687011719,1.0341923236846924,0.006013154983520508
1.0503098964691162,1.0550422668457031,0.004732370376586914
1.0587961673736572,1.0634560585021973,0.004659891128540039
1.0680091381072998,1.0758821964263916,0.007873058319091797
1.078437328338623,1.0854341983795166,0.006996870040893555
1.1005010604858398,1.111241102218628,0.010740041732788086
1.1093382835388184,1.1146750450134277,0.005336761474609375
1.118718147277832,1.1255881786346436,0.0068700313568115234
1.1285960674285889,1.1385879516601562,0.009991884231567383
1.1507370471954346,1.154529094696045,0.0037920475006103516
1.1586692333221436,1.1688721179962158,0.010202884674072266
1.1680972576141357,1.1712520122528076,0.003154754638671875
1.1785180568695068,1.1877222061157227,0.00920414924621582
1.2005720138549805,1.2071900367736816,0.006618022918701172
1.2086281776428223,1.2139081954956055,0.005280017852783203
1.217609167098999,1.2262730598449707,0.00866389274597168
1.228201150894165,1.2327549457550049,0.004553794860839844
1.2507688999176025,1.2573111057281494,0.006542205810546875
1.258439064025879,1.2632882595062256,0.00484919548034668
1.2679250240325928,1.2748150825500488,0.006890058517456055
1.279116153717041,1.294288158416748,0.015172004699707031
1.3005831241607666,1.30680513381958,0.0062220096588134766
1.309108018875122,1.3151209354400635,0.006012916564941406
1.3183581829071045,1.3263309001922607,0.00797271728515625
1.327739953994751,1.3324151039123535,0.004675149917602539
1.3498530387878418,1.356438159942627,0.006585121154785156
1.3588812351226807,1.3628759384155273,0.00399470329284668
1.3690462112426758,1.3751351833343506,0.006088972091674805
1.3786571025848389,1.3850829601287842,0.0064258575439453125
1.4007019996643066,1.4088010787963867,0.008099079132080078
1.4092180728912354,1.415687084197998,0.006469011306762695
1.4192500114440918,1.4257550239562988,0.006505012512207031
1.4289600849151611,1.434563159942627,0.00560307502746582
1.4490821361541748,1.456728219985962,0.007646083831787109
1.4584262371063232,1.465425968170166,0.0069997310638427734
1.4724581241607666,1.4791250228881836,0.006666898727416992
1.4787242412567139,1.4871842861175537,0.008460044860839844
1.500345230102539,1.5070552825927734,0.006710052490234375
1.5096981525421143,1.514148235321045,0.004450082778930664
1.5179641246795654,1.526724100112915,0.00875997543334961
1.5284621715545654,1.5336380004882812,0.00517582893371582
1.5505101680755615,1.5566871166229248,0.006176948547363281
1.559643030166626,1.564743995666504,0.00510096549987793
1.5687670707702637,1.5753521919250488,0.006585121154785156
1.578789234161377,1.5865800380706787,0.007790803909301758
1.600748062133789,1.6096751689910889,0.008927106857299805
1.6094772815704346,1.61480712890625,0.00532984733581543
1.6187069416046143,1.6268291473388672,0.00812220573425293
1.6279971599578857,1.6353991031646729,0.007401943206787109
1.6503040790557861,1.654069185256958,0.003765106201171875
1.6589610576629639,1.6663150787353516,0.007354021072387695
1.6681170463562012,1.6734411716461182,0.005324125289916992
1.6779420375823975,1.6852879524230957,0.007345914840698242
1.7010939121246338,1.7086801528930664,0.007586240768432617
1.7083821296691895,1.7137770652770996,0.005394935607910156
1.7189950942993164,1.725736141204834,0.006741046905517578
1.728161096572876,1.7379679679870605,0.00980687141418457
1.7503950595855713,1.7543880939483643,0.003993034362792969
1.7590880393981934,1.7645881175994873,0.005500078201293945
1.768740177154541,1.7722210884094238,0.0034809112548828125
1.7781281471252441,1.782076120376587,0.0039479732513427734
1.8003871440887451,1.8076910972595215,0.007303953170776367
1.8089549541473389,1.8163039684295654,0.0073490142822265625
1.8190381526947021,1.82368803024292,0.0046498775482177734
1.8272740840911865,1.8366131782531738,0.009339094161987305
1.84999418258667,1.8587532043457031,0.008759021759033203
1.859417200088501,1.8647291660308838,0.0053119659423828125
1.8708860874176025,1.882845163345337,0.011959075927734375
1.8791301250457764,1.8876612186431885,0.00853109359741211
1.8995311260223389,1.9054861068725586,0.0059549808502197266
1.9078280925750732,1.9137470722198486,0.005918979644775391
1.917600154876709,1.922119140625,0.004518985748291016
1.9278652667999268,1.9309189319610596,0.0030536651611328125
1.950287103652954,1.9572460651397705,0.006958961486816406
1.9585349559783936,1.9669651985168457,0.008430242538452148
1.9682939052581787,1.9734501838684082,0.005156278610229492
1.978276252746582,1.9859180450439453,0.007641792297363281
2.000847101211548,2.0066561698913574,0.00580906867980957
2.0097999572753906,2.0154361724853516,0.0056362152099609375
2.0189430713653564,2.0265941619873047,0.007651090621948242
2.0283021926879883,2.0350961685180664,0.006793975830078125
2.050095319747925,2.0646872520446777,0.01459193229675293
2.0622479915618896,2.068859100341797,0.0066111087799072266
2.068901300430298,2.0766520500183105,0.007750749588012695
2.0784101486206055,2.0853593349456787,0.006949186325073242
2.1001579761505127,2.1069960594177246,0.006838083267211914
2.1096131801605225,2.114915132522583,0.005301952362060547
2.118795156478882,2.124617099761963,0.005821943283081055
2.128864049911499,2.1336710453033447,0.004806995391845703
2.150578022003174,2.162277936935425,0.011699914932250977
2.158294200897217,2.1622819900512695,0.003987789154052734
2.1680071353912354,2.1763362884521484,0.008329153060913086
2.178781032562256,2.1863622665405273,0.007581233978271484
2.2005560398101807,2.213229179382324,0.012673139572143555
2.2104671001434326,2.221790075302124,0.011322975158691406
2.2177531719207764,2.2258460521698,0.008092880249023438
2.2276611328125,2.233964204788208,0.006303071975708008
2.2503082752227783,2.256175994873047,0.005867719650268555
2.259700059890747,2.266437292098999,0.006737232208251953
2.2692110538482666,2.2867672443389893,0.017556190490722656
2.2776882648468018,2.2906510829925537,0.012962818145751953
2.3000681400299072,2.304239273071289,0.004171133041381836
2.3089311122894287,2.315585136413574,0.006654024124145508
2.3182411193847656,2.325709104537964,0.007467985153198242
2.3290162086486816,2.3384151458740234,0.009398937225341797
2.349989175796509,2.353914976119995,0.003925800323486328
2.358546018600464,2.3619630336761475,0.0034170150756835938
2.3684191703796387,2.3735833168029785,0.005164146423339844
2.378053903579712,2.385874032974243,0.00782012939453125
2.399797201156616,2.408994197845459,0.009196996688842773
2.408607006072998,2.4172401428222656,0.008633136749267578
2.4185879230499268,2.4242351055145264,0.005647182464599609
2.4281771183013916,2.435894250869751,0.007717132568359375
2.4497532844543457,2.45758318901062,0.007829904556274414
2.4598231315612793,2.466154098510742,0.006330966949462891
2.4693121910095215,2.4781031608581543,0.008790969848632812
2.478637218475342,2.483910083770752,0.005272865295410156
2.500119209289551,2.5073769092559814,0.007257699966430664
2.509465217590332,2.5193612575531006,0.009896039962768555
2.5183591842651367,2.5232560634613037,0.004896879196166992
2.5279951095581055,2.5350632667541504,0.007068157196044922
2.550020217895508,2.555887222290039,0.00586700439453125
2.558983087539673,2.563096284866333,0.004113197326660156
2.567816972732544,2.574554204940796,0.006737232208251953
2.5782742500305176,2.5838422775268555,0.005568027496337891
2.600313186645508,2.608847141265869,0.008533954620361328
2.608443021774292,2.614082098007202,0.005639076232910156
2.619049072265625,2.630336046218872,0.01128697395324707
2.6287031173706055,2.635897159576416,0.007194042205810547
2.6494221687316895,2.6623950004577637,0.012972831726074219
2.658997058868408,2.669403076171875,0.010406017303466797
2.6690030097961426,2.676392078399658,0.007389068603515625
2.6783010959625244,2.685589075088501,0.0072879791259765625
2.6992061138153076,2.7035951614379883,0.004389047622680664
2.7091169357299805,2.712022066116333,0.002905130386352539
2.718440055847168,2.723634958267212,0.005194902420043945
2.7284669876098633,2.732795000076294,0.004328012466430664
2.7501132488250732,2.7542669773101807,0.004153728485107422
2.7589681148529053,2.7651851177215576,0.006217002868652344
2.7686002254486084,2.774710178375244,0.006109952926635742
2.778966188430786,2.7904751300811768,0.011508941650390625
2.800539970397949,2.8059301376342773,0.005390167236328125
2.8090739250183105,2.81644606590271,0.007372140884399414
2.818761110305786,2.8289999961853027,0.010238885879516602
2.8283910751342773,2.835963010787964,0.0075719356536865234
2.8502490520477295,2.8575661182403564,0.007317066192626953
2.8588979244232178,2.8661792278289795,0.007281303405761719
2.867642879486084,2.8754630088806152,0.00782012939453125
2.8783109188079834,2.8846049308776855,0.0062940120697021484
2.9002933502197266,2.908501148223877,0.00820779800415039
2.9089102745056152,2.9130189418792725,0.0041086673736572266
2.918501138687134,2.925737142562866,0.007236003875732422
2.92834210395813,2.93336820602417,0.005026102066040039
2.949449062347412,2.9574999809265137,0.008050918579101562
2.9582343101501465,2.964616060256958,0.0063817501068115234
2.968309164047241,2.9749672412872314,0.006658077239990234
2.97875714302063,2.9881410598754883,0.009383916854858398
3.0002713203430176,3.0089821815490723,0.008710861206054688
3.009268045425415,3.0155060291290283,0.006237983703613281
3.0211610794067383,3.026668071746826,0.005506992340087891
3.0284900665283203,3.036975145339966,0.008485078811645508
3.0496721267700195,3.0574662685394287,0.00779414176940918
3.0599071979522705,3.0641350746154785,0.004227876663208008
3.068965196609497,3.0733931064605713,0.004427909851074219
3.082785129547119,3.093417167663574,0.010632038116455078
3.100507974624634,3.105680227279663,0.005172252655029297
3.1086270809173584,3.1143100261688232,0.005682945251464844
3.118875026702881,3.1229610443115234,0.004086017608642578
3.128741979598999,3.1349949836730957,0.00625300407409668
3.150275230407715,3.156059980392456,0.005784749984741211
3.15968918800354,3.1674461364746094,0.007756948471069336
3.1686720848083496,3.1740341186523438,0.005362033843994141
3.1806061267852783,3.186702251434326,0.0060961246490478516
3.2004292011260986,3.2099201679229736,0.009490966796875
3.208678960800171,3.2131412029266357,0.004462242126464844
3.2191052436828613,3.226439952850342,0.007334709167480469
3.2286171913146973,3.235307216644287,0.006690025329589844
3.2502989768981934,3.2593443393707275,0.00904536247253418
3.2591309547424316,3.266592025756836,0.007461071014404297
3.2687151432037354,3.2761380672454834,0.007422924041748047
3.2783310413360596,3.285398244857788,0.007067203521728516
3.3000850677490234,3.3027641773223877,0.002679109573364258
3.3086612224578857,3.315804958343506,0.007143735885620117
3.318363904953003,3.3216731548309326,0.0033092498779296875
3.3287622928619385,3.34084415435791,0.01208186149597168
3.350792169570923,3.3575439453125,0.0067517757415771484
3.3589892387390137,3.3660812377929688,0.007091999053955078
3.3688111305236816,3.380064010620117,0.011252880096435547
3.380347967147827,3.387195110321045,0.0068471431732177734
3.400381088256836,3.40513014793396,0.0047490596771240234
3.409546136856079,3.4163362979888916,0.0067901611328125
3.418724298477173,3.4241130352020264,0.005388736724853516
3.4287712574005127,3.4351749420166016,0.006403684616088867
3.4503471851348877,3.4547650814056396,0.004417896270751953
3.458858013153076,3.4651031494140625,0.006245136260986328
3.4683852195739746,3.4767611026763916,0.008375883102416992
3.478414297103882,3.4849722385406494,0.006557941436767578
3.500049114227295,3.506808280944824,0.006759166717529297
3.5084192752838135,3.5190911293029785,0.010671854019165039
3.5182852745056152,3.5230369567871094,0.004751682281494141
3.5274620056152344,3.535966157913208,0.008504152297973633
3.5501210689544678,3.5567052364349365,0.00658416748046875
3.55948805809021,3.5660769939422607,0.006588935852050781
3.5692532062530518,3.584226131439209,0.014972925186157227
3.5818140506744385,3.591691017150879,0.00987696647644043
3.600187063217163,3.6077730655670166,0.007586002349853516
3.6084611415863037,3.6154730319976807,0.007011890411376953
3.6181230545043945,3.624512195587158,0.006389141082763672
3.6280951499938965,3.634336233139038,0.0062410831451416016
3.652946949005127,3.6569931507110596,0.004046201705932617
3.659414052963257,3.6649250984191895,0.005511045455932617
3.668654203414917,3.6763150691986084,0.007660865783691406
3.678769111633301,3.6882262229919434,0.009457111358642578
3.7001752853393555,3.704422950744629,0.0042476654052734375
3.715999126434326,3.7233691215515137,0.0073699951171875
3.7181472778320312,3.7278223037719727,0.009675025939941406
3.728311061859131,3.73209810256958,0.0037870407104492188
3.750821352005005,3.7587389945983887,0.007917642593383789
3.7597572803497314,3.7658393383026123,0.006082057952880859
3.7692880630493164,3.7730839252471924,0.0037958621978759766
3.77846097946167,3.782254219055176,0.0037932395935058594
3.7993111610412598,3.8060359954833984,0.006724834442138672
3.812432289123535,3.823137044906616,0.010704755783081055
3.8178701400756836,3.8272509574890137,0.009380817413330078
3.828583002090454,3.833822011947632,0.005239009857177734
3.849621057510376,3.8542730808258057,0.0046520233154296875
3.8590919971466064,3.863936185836792,0.004844188690185547
3.8680081367492676,3.8765032291412354,0.008495092391967773
3.878000020980835,3.8836119174957275,0.005611896514892578
3.8996970653533936,3.9097440242767334,0.010046958923339844
3.909832000732422,3.9161202907562256,0.006288290023803711
3.9184720516204834,3.9212570190429688,0.0027849674224853516
3.929187297821045,3.934523105621338,0.005335807800292969
3.9493472576141357,3.95500111579895,0.005653858184814453
3.958712100982666,3.9648232460021973,0.00611114501953125
3.967625141143799,3.982164144515991,0.014539003372192383
3.980429172515869,3.9852511882781982,0.0048220157623291016
3.9995760917663574,4.008909225463867,0.009333133697509766
4.00869607925415,4.0152692794799805,0.006573200225830078
4.017935276031494,4.026202917098999,0.008267641067504883
4.027700185775757,4.03472113609314,0.0070209503173828125
4.0499420166015625,4.062336206436157,0.012394189834594727
4.059045314788818,4.063787221908569,0.0047419071197509766
4.068441152572632,4.0738372802734375,0.005396127700805664
4.078746318817139,4.085156202316284,0.006409883499145508
4.103378057479858,4.107231140136719,0.0038530826568603516
4.1087870597839355,4.114515066146851,0.005728006362915039
4.11812424659729,4.1219871044158936,0.0038628578186035156
4.128570318222046,4.139857053756714,0.011286735534667969
4.150171995162964,4.1598169803619385,0.00964498519897461
4.158111095428467,4.163589239120483,0.0054781436920166016
4.16931414604187,4.175589323043823,0.006275177001953125
4.178215980529785,4.18480110168457,0.006585121154785156
4.199860095977783,4.204517126083374,0.00465703010559082
4.20917820930481,4.2147252559661865,0.005547046661376953
4.219032287597656,4.232716083526611,0.013683795928955078
4.228356122970581,4.232739210128784,0.004383087158203125
4.249531984329224,4.256035089492798,0.006503105163574219
4.258398056030273,4.267555236816406,0.009157180786132812
4.268091917037964,4.2746992111206055,0.0066072940826416016
4.278114080429077,4.284591197967529,0.0064771175384521484
4.299612045288086,4.30793023109436,0.008318185806274414
4.308701992034912,4.320947170257568,0.01224517822265625
4.318852186203003,4.32595419883728,0.007102012634277344
4.328246116638184,4.334112167358398,0.005866050720214844
4.352549314498901,4.360059022903442,0.007509708404541016
4.35876202583313,4.374289035797119,0.015527009963989258
4.368611097335815,4.379938125610352,0.011327028274536133
4.378194093704224,4.388667106628418,0.010473012924194336
4.399953126907349,4.4056291580200195,0.0056760311126708984
4.407841205596924,4.4202001094818115,0.012358903884887695
4.418194055557251,4.425223112106323,0.007029056549072266
4.427761077880859,4.432746171951294,0.00498509407043457
4.449757099151611,4.460439205169678,0.010682106018066406
4.458485126495361,4.467471122741699,0.00898599624633789
4.467863082885742,4.470896005630493,0.0030329227447509766
4.478156089782715,4.485400199890137,0.007244110107421875
4.500665187835693,4.509742259979248,0.009077072143554688
4.508929252624512,4.515722036361694,0.006792783737182617
4.51856803894043,4.523308038711548,0.004739999771118164
4.528256177902222,4.532847166061401,0.0045909881591796875
4.549993991851807,4.556826114654541,0.006832122802734375
4.559020042419434,4.566124200820923,0.007104158401489258
4.568403005599976,4.575189113616943,0.0067861080169677734
4.578540086746216,4.583683252334595,0.005143165588378906
4.599454164505005,4.605815172195435,0.0063610076904296875
4.608242988586426,4.615355014801025,0.007112026214599609
4.618257999420166,4.625104188919067,0.006846189498901367
4.628173112869263,4.63427209854126,0.00609898567199707
4.648866176605225,4.655609130859375,0.006742954254150391
4.659051179885864,4.665096998214722,0.006045818328857422
4.667362213134766,4.672214031219482,0.004851818084716797
4.678038120269775,4.680624961853027,0.002586841583251953
4.699703216552734,4.705527067184448,0.005823850631713867
4.709217071533203,4.7143449783325195,0.005127906799316406
4.718202114105225,4.724034070968628,0.00583195686340332
4.727987051010132,4.73533821105957,0.0073511600494384766
4.7501702308654785,4.757883071899414,0.007712841033935547
4.759006023406982,4.767202138900757,0.008196115493774414
4.7684571743011475,4.775700092315674,0.007242918014526367
4.778377056121826,4.784800052642822,0.006422996520996094
4.799866199493408,4.806146144866943,0.006279945373535156
4.809359312057495,4.818051099777222,0.008691787719726562
4.818401098251343,4.832373142242432,0.013972043991088867
4.828837156295776,4.8391501903533936,0.010313034057617188
4.84932804107666,4.857303142547607,0.007975101470947266
4.858774185180664,4.866412162780762,0.007637977600097656
4.868600130081177,4.876533031463623,0.007932901382446289
4.877573251724243,4.885390281677246,0.00781702995300293
4.900444030761719,4.9070611000061035,0.006617069244384766
4.908262014389038,4.917646169662476,0.0093841552734375
4.917880296707153,4.923669099807739,0.0057888031005859375
4.928236246109009,4.9341042041778564,0.005867958068847656
4.949655055999756,4.9575841426849365,0.007929086685180664
4.9587461948394775,4.973851919174194,0.015105724334716797
4.9690141677856445,4.975948095321655,0.006933927536010742
4.97838020324707,4.984982013702393,0.006601810455322266
5.000341176986694,5.007780313491821,0.007439136505126953
5.009529113769531,5.01481294631958,0.005283832550048828
5.018489122390747,5.0235819816589355,0.0050928592681884766
5.0276172161102295,5.032349109649658,0.004731893539428711
5.050149202346802,5.05560302734375,0.005453824996948242
5.058775186538696,5.062441110610962,0.003665924072265625
5.0682291984558105,5.073820114135742,0.005590915679931641
5.077681064605713,5.085325241088867,0.007644176483154297
5.100075006484985,5.109244108200073,0.00916910171508789
5.1085309982299805,5.114976167678833,0.006445169448852539
5.117362976074219,5.119472980499268,0.002110004425048828
5.127801179885864,5.131795167922974,0.003993988037109375
5.150389194488525,5.1581220626831055,0.007732868194580078
5.159104108810425,5.161724090576172,0.0026199817657470703
5.168025255203247,5.174216032028198,0.006190776824951172
5.178595304489136,5.184692144393921,0.006096839904785156
5.200485944747925,5.207762002944946,0.007276058197021484
5.20907187461853,5.212208032608032,0.003136157989501953
5.217915058135986,5.225804090499878,0.007889032363891602
5.2279441356658936,5.233638048171997,0.005693912506103516
5.249504089355469,5.257097005844116,0.007592916488647461
5.2584919929504395,5.264045238494873,0.005553245544433594
5.2690629959106445,5.274641036987305,0.005578041076660156
5.278447151184082,5.292517900466919,0.014070749282836914
5.3005640506744385,5.306384325027466,0.005820274353027344
5.3092241287231445,5.312978029251099,0.0037539005279541016
5.318241119384766,5.320927143096924,0.002686023712158203
5.3281779289245605,5.334439992904663,0.006262063980102539
5.3505332469940186,5.356547117233276,0.0060138702392578125
5.359431028366089,5.3650171756744385,0.005586147308349609
5.3689351081848145,5.375240087509155,0.00630497932434082
5.377829313278198,5.38484001159668,0.007010698318481445
5.400625944137573,5.4077630043029785,0.0071370601654052734
5.408897161483765,5.413093328475952,0.0041961669921875
5.418670177459717,5.425384998321533,0.006714820861816406
5.427661180496216,5.434297323226929,0.006636142730712891
5.4497292041778564,5.456550121307373,0.0068209171295166016
5.45935320854187,5.465423107147217,0.00606989860534668
5.468094110488892,5.474524974822998,0.006430864334106445
5.479871034622192,5.491140127182007,0.011269092559814453
5.500169038772583,5.505490064620972,0.005321025848388672
5.509345054626465,5.517658948898315,0.008313894271850586
5.517872095108032,5.524769067764282,0.00689697265625
5.528239965438843,5.535515069961548,0.007275104522705078
5.550302028656006,5.557139158248901,0.006837129592895508
5.558943033218384,5.565299034118652,0.006356000900268555
5.567399024963379,5.5757153034210205,0.008316278457641602
5.577705144882202,5.586039066314697,0.008333921432495117
5.599740982055664,5.605332136154175,0.005591154098510742
5.610042333602905,5.619115114212036,0.00907278060913086
5.6180219650268555,5.623477220535278,0.0054552555084228516
5.627794981002808,5.630762100219727,0.0029671192169189453
5.649852991104126,5.654661178588867,0.004808187484741211
5.658759117126465,5.667660236358643,0.008901119232177734
5.667283058166504,5.673306941986084,0.006023883819580078
5.678101062774658,5.686221122741699,0.008120059967041016
5.700810194015503,5.709552049636841,0.00874185562133789
5.709365129470825,5.714126110076904,0.0047609806060791016
5.719048023223877,5.7243640422821045,0.005316019058227539
5.7283971309661865,5.737497091293335,0.009099960327148438
5.74982213973999,5.754518032073975,0.004695892333984375
5.759140253067017,5.763866901397705,0.0047266483306884766
5.768493175506592,5.773031949996948,0.004538774490356445
5.777631044387817,5.783185005187988,0.0055539608001708984
5.799762964248657,5.808916091918945,0.009153127670288086
5.809059143066406,5.815258979797363,0.006199836730957031
5.81914496421814,5.82472825050354,0.005583286285400391
5.828225135803223,5.83368706703186,0.005461931228637695
5.849570274353027,5.85736608505249,0.007795810699462891
5.858826160430908,5.867037057876587,0.008210897445678711
5.8685760498046875,5.874817132949829,0.0062410831451416016
5.878854036331177,5.884361982345581,0.005507946014404297
5.900266170501709,5.908344268798828,0.00807809829711914
5.90869402885437,5.914015054702759,0.005321025848388672
5.918105125427246,5.9254231452941895,0.007318019866943359
5.927852153778076,5.934305191040039,0.006453037261962891
5.949857234954834,5.9572460651397705,0.0073888301849365234
5.9592320919036865,5.965472221374512,0.006240129470825195
5.96805214881897,5.974204063415527,0.006151914596557617
5.978201150894165,5.984210014343262,0.00600886344909668
5.999109268188477,6.014515161514282,0.015405893325805664
6.0096399784088135,6.017794132232666,0.008154153823852539
6.017866134643555,6.0263800621032715,0.008513927459716797
6.027619123458862,6.031551122665405,0.003931999206542969
6.049767971038818,6.056854248046875,0.007086277008056641
6.05809211730957,6.066892147064209,0.008800029754638672
6.06840705871582,6.072610139846802,0.004203081130981445
6.0784752368927,6.084180116653442,0.0057048797607421875
6.100368976593018,6.107180118560791,0.0068111419677734375
6.108415126800537,6.2179882526397705,0.1095731258392334
6.1182732582092285,6.222549200057983,0.10427594184875488
6.128232002258301,11.342327117919922,5.214095115661621
6.149952173233032,11.343922138214111,5.193969964981079
6.159066200256348,11.342247009277344,5.183180809020996
6.1689019203186035,11.347338199615479,5.178436279296875
6.178708076477051,11.342400074005127,5.163691997528076
6.20027494430542,11.3423330783844,5.1420581340789795
6.209264039993286,11.350537061691284,5.141273021697998
6.218225002288818,11.346385955810547,5.1281609535217285
6.227583169937134,11.34281611442566,5.115232944488525
6.24907922744751,11.342156171798706,5.093076944351196
6.2586891651153564,11.350379228591919,5.0916900634765625
6.2690722942352295,11.345802068710327,5.076729774475098
6.2780842781066895,11.348312139511108,5.070227861404419
6.300352096557617,11.343790292739868,5.043438196182251
6.3095362186431885,11.341337203979492,5.031800985336304
6.319018125534058,11.343197107315063,5.024178981781006
6.328330039978027,11.347024917602539,5.018694877624512
6.349282264709473,11.345238208770752,4.995955944061279
6.359230041503906,11.346968173980713,4.987738132476807
6.368595123291016,11.341424942016602,4.972829818725586
6.37778115272522,11.345135927200317,4.967354774475098
6.39944314956665,11.341410160064697,4.941967010498047
6.408091068267822,11.345270156860352,4.937179088592529
6.418591022491455,11.347596168518066,4.929005146026611
6.428420305252075,11.348810195922852,4.920389890670776
6.450149297714233,11.34132719039917,4.8911778926849365
6.457909107208252,11.348196268081665,4.890287160873413
6.468249320983887,11.3506760597229,4.882426738739014
6.478565216064453,11.341209173202515,4.8626439571380615
6.499917268753052,11.348051071166992,4.84813380241394
6.508892059326172,11.344295024871826,4.835402965545654
6.518464088439941,11.344471216201782,4.826007127761841
6.528280258178711,11.341588020324707,4.813307762145996
6.54957127571106,11.344895124435425,4.795323848724365
6.559129238128662,11.34639024734497,4.787261009216309
6.56812596321106,11.347285032272339,4.779159069061279
6.578370094299316,11.348876237869263,4.770506143569946
6.59972620010376,11.34581995010376,4.74609375
6.60893702507019,11.343962907791138,4.735025882720947
6.618670225143433,11.349144220352173,4.73047399520874
6.62774920463562,11.343075275421143,4.7153260707855225
6.649306297302246,11.345157146453857,4.695850849151611
6.658930063247681,11.343802213668823,4.684872150421143
6.668039083480835,11.342056035995483,4.674016952514648
6.678346157073975,11.342785120010376,4.664438962936401
6.699826955795288,11.345027208328247,4.645200252532959
6.708344221115112,11.34434700012207,4.636002779006958
6.717722177505493,11.348169088363647,4.630446910858154
6.727166175842285,11.346457242965698,4.619291067123413
6.750087022781372,11.341434240341187,4.5913472175598145
6.758383274078369,11.344186305999756,4.585803031921387
6.768020153045654,11.345462083816528,4.577441930770874
6.778048038482666,11.347825050354004,4.569777011871338
6.799533128738403,11.342358112335205,4.542824983596802
6.809142112731934,11.341778993606567,4.532636880874634
6.818392276763916,11.35061001777649,4.532217741012573
6.828968048095703,11.34180998802185,4.5128419399261475
6.850028038024902,11.345915079116821,4.495887041091919
6.858359098434448,11.344962120056152,4.486603021621704
6.868878126144409,11.346221208572388,4.4773430824279785
6.878154039382935,11.343620300292969,4.465466260910034
6.899794101715088,11.344799041748047,4.445004940032959
6.908262014389038,11.345240116119385,4.436978101730347
6.917911052703857,11.3472261428833,4.429315090179443
6.928077220916748,11.345691919326782,4.417614698410034
6.95029616355896,11.344764947891235,4.394468784332275
6.9593141078948975,11.348475933074951,4.389161825180054
6.968156099319458,11.343451976776123,4.375295877456665
6.977673053741455,11.341721296310425,4.36404824256897
6.999157190322876,11.344337940216064,4.3451807498931885
7.009228229522705,11.343132972717285,4.33390474319458
7.0190160274505615,11.34535002708435,4.326333999633789
7.028170108795166,11.347063064575195,4.318892955780029
7.050135135650635,11.343737125396729,4.293601989746094
7.0585291385650635,11.344528913497925,4.285999774932861
7.068090200424194,11.345947027206421,4.277856826782227
7.077594995498657,11.347859144210815,4.270264148712158
7.099744081497192,11.342485189437866,4.242741107940674
7.108690023422241,11.342153072357178,4.2334630489349365
7.118021249771118,11.350764036178589,4.232742786407471
7.127863168716431,11.345107078552246,4.217243909835815
7.149527072906494,11.345631122589111,4.196104049682617
7.158812046051025,11.34339714050293,4.184585094451904
7.1680169105529785,11.342639207839966,4.174622297286987
7.17769193649292,11.342572212219238,4.164880275726318
7.198990106582642,11.34534215927124,4.146352052688599
7.209542989730835,11.344930171966553,4.135387182235718
7.21848201751709,11.345983028411865,4.127501010894775
7.228583097457886,11.345018148422241,4.1164350509643555
7.249319076538086,11.342566967010498,4.093247890472412
7.2590532302856445,11.342184066772461,4.083130836486816
7.268222093582153,11.346002101898193,4.07778000831604
7.278646230697632,11.342517137527466,4.063870906829834
7.300307989120483,11.345085144042969,4.044777154922485
7.308586120605469,11.344243049621582,4.035656929016113
7.3184380531311035,11.348517179489136,4.030079126358032
7.328318119049072,11.346481084823608,4.018162965774536
7.349852085113525,11.346159219741821,3.996307134628296
7.359009027481079,11.344267129898071,3.985258102416992
7.368858337402344,11.345125198364258,3.976266860961914
7.378627300262451,11.342193126678467,3.9635658264160156
7.399160146713257,11.342128038406372,3.9429678916931152
7.408203125,11.34450626373291,3.93630313873291
7.419184923171997,11.348901271820068,3.9297163486480713
7.428494215011597,11.346522331237793,3.9180281162261963
7.449977159500122,11.344056129455566,3.8940789699554443
7.459338188171387,11.342983961105347,3.88364577293396
7.468417167663574,11.341156244277954,3.87273907661438
7.477878093719482,11.343642234802246,3.8657641410827637
7.5004870891571045,11.345656156539917,3.8451690673828125
7.508103132247925,11.343087196350098,3.834984064102173
7.517744064331055,11.35056209564209,3.832818031311035
7.528757095336914,11.343955039978027,3.8151979446411133
7.549779176712036,11.34594202041626,3.7961628437042236
7.559311151504517,11.348509073257446,3.7891979217529297
7.568016290664673,11.341942071914673,3.77392578125
7.578340291976929,11.345760107040405,3.7674198150634766
7.599147081375122,11.342045068740845,3.7428979873657227
7.608680009841919,11.345004081726074,3.7363240718841553
7.617927074432373,11.341829299926758,3.7239022254943848
7.6280481815338135,11.343188047409058,3.715139865875244
7.64916729927063,11.345280170440674,3.696112871170044
7.658996105194092,11.344151258468628,3.685155153274536
7.668415069580078,11.341400146484375,3.672985076904297
7.678991317749023,11.345559120178223,3.666567802429199
7.699624061584473,11.34138298034668,3.641758918762207
7.709622144699097,11.34559416770935,3.635972023010254
7.718706130981445,11.346981287002563,3.628275156021118
7.728796005249023,11.342379093170166,3.6135830879211426
7.749875068664551,11.343658208847046,3.593783140182495
7.758049249649048,11.344027996063232,3.5859787464141846
7.768194198608398,11.347102165222168,3.5789079666137695
7.777745008468628,11.343212127685547,3.565467119216919
7.8001930713653564,11.34292221069336,3.542729139328003
7.808970212936401,11.34311318397522,3.5341429710388184
7.81876015663147,11.350202322006226,3.531442165374756
7.828229904174805,11.34562611579895,3.5173962116241455
7.849460124969482,11.34160590171814,3.4921457767486572
7.858989238739014,11.34399700164795,3.4850077629089355
7.867802143096924,11.34224796295166,3.4744458198547363
7.8790411949157715,11.34345030784607,3.464409112930298
7.900082111358643,11.344080924987793,3.4439988136291504
7.9092371463775635,11.341508150100708,3.4322710037231445
7.918417930603027,11.347076177597046,3.4286582469940186
7.9288671016693115,11.343999147415161,3.4151320457458496
7.949725151062012,11.343209981918335,3.3934848308563232
7.959466218948364,11.343194246292114,3.38372802734375
7.968547105789185,11.3456289768219,3.377081871032715
7.978331089019775,11.342162132263184,3.363831043243408
8.000634908676147,11.346312999725342,3.3456780910491943
8.008827924728394,11.343330144882202,3.3345022201538086
8.019299268722534,11.346593141555786,3.327293872833252
8.02902626991272,11.349140167236328,3.3201138973236084
8.049531936645508,11.345787048339844,3.296255111694336
8.05859899520874,11.346636056900024,3.288037061691284
8.06843614578247,11.353337287902832,3.2849011421203613
8.078288316726685,11.348843097686768,3.270554780960083
8.0994291305542,11.342972040176392,3.2435429096221924
8.108938217163086,11.341098070144653,3.2321598529815674
8.119112968444824,11.347040176391602,3.2279272079467773
8.128250122070312,11.342353105545044,3.2141029834747314
8.150191307067871,11.347535133361816,3.1973438262939453
8.159663200378418,11.343370199203491,3.1837069988250732
8.167740106582642,11.346073150634766,3.178333044052124
8.17918610572815,11.343276262283325,3.164090156555176
8.19969630241394,11.345887184143066,3.146190881729126
8.209514141082764,11.342280149459839,3.132766008377075
8.218005180358887,11.345775127410889,3.127769947052002
8.228384017944336,11.342548131942749,3.114164113998413
8.249660015106201,11.345059156417847,3.0953991413116455
8.259505033493042,11.346594095230103,3.0870890617370605
8.269200325012207,11.350581169128418,3.081380844116211
8.279094219207764,11.343597173690796,3.0645029544830322
8.299928188323975,11.342535018920898,3.042606830596924
8.308003187179565,11.34455418586731,3.036550998687744
8.317629098892212,11.345916032791138,3.028286933898926
8.327295064926147,11.34262204170227,3.015326976776123
8.350096940994263,11.34382700920105,2.993730068206787
8.358888149261475,11.347467184066772,2.988579034805298
8.368144989013672,11.348841190338135,2.980696201324463
8.377744197845459,11.342246055603027,2.9645018577575684
8.39987325668335,11.34718918800354,2.9473159313201904
8.40873408317566,11.346903085708618,2.938169002532959
8.41853404045105,11.346088171005249,2.927554130554199
8.428893089294434,11.343878984451294,2.9149858951568604
8.450443029403687,11.345191955566406,2.8947489261627197
8.459036111831665,11.347435235977173,2.888399124145508
8.46885895729065,11.3527193069458,2.8838603496551514
8.47851824760437,11.34777021408081,2.8692519664764404
8.499107122421265,11.345760107040405,2.8466529846191406
8.50830602645874,11.34669804573059,2.8383920192718506
8.518334150314331,11.352447032928467,2.8341128826141357
8.52876615524292,11.34685230255127,2.8180861473083496
8.549666166305542,11.342597961425781,2.7929317951202393
8.559168100357056,11.349039316177368,2.7898712158203125
8.5679030418396,11.341691017150879,2.7737879753112793
8.5782630443573,11.347094058990479,2.7688310146331787
8.599894046783447,11.34837818145752,2.7484841346740723
8.609107971191406,11.347003936767578,2.737895965576172
8.618185043334961,11.341562986373901,2.7233779430389404
8.628408193588257,11.342273235321045,2.713865041732788
8.650918960571289,11.345296144485474,2.6943771839141846
8.658710241317749,11.344471216201782,2.685760974884033
8.668880939483643,11.343716144561768,2.674835205078125
8.67792010307312,11.341758012771606,2.6638379096984863
8.700273036956787,11.348006010055542,2.647732973098755
8.70849895477295,11.343159198760986,2.634660243988037
8.718764066696167,11.347317218780518,2.6285531520843506
8.728665113449097,11.34331226348877,2.614647150039673
8.749967336654663,11.347555160522461,2.597587823867798
8.758437156677246,11.346940994262695,2.588503837585449
8.768539905548096,11.347017049789429,2.578477144241333
8.777662992477417,11.34690809249878,2.5692451000213623
8.79934310913086,11.343674898147583,2.5443317890167236
8.809555053710938,11.340930223464966,2.5313751697540283
8.81857419013977,11.353299140930176,2.5347249507904053
8.828111171722412,11.344048976898193,2.5159378051757812
8.85051703453064,11.344526290893555,2.494009256362915
8.858494997024536,11.341914892196655,2.483419895172119
8.868964195251465,11.346265316009521,2.4773011207580566
8.879186153411865,11.341511964797974,2.4623258113861084
8.900160074234009,11.340887069702148,2.4407269954681396
8.908936023712158,11.343775033950806,2.4348390102386475
8.918796062469482,11.3506441116333,2.4318480491638184
8.92826509475708,11.347212076187134,2.4189469814300537
8.9501211643219,11.345139026641846,2.3950178623199463
8.95901107788086,11.344839096069336,2.3858280181884766
8.968350172042847,11.344658136367798,2.376307964324951
8.97801399230957,11.344080924987793,2.3660669326782227
9.000184297561646,11.34522294998169,2.345038652420044
9.009320974349976,11.343660116195679,2.334339141845703
9.018495082855225,11.343072175979614,2.3245770931243896
9.028309106826782,11.341631174087524,2.313322067260742
9.050414085388184,11.343634128570557,2.293220043182373
9.058679103851318,11.34292721748352,2.284248113632202
9.069294214248657,11.345836162567139,2.2765419483184814
9.078533172607422,11.344186305999756,2.265653133392334
9.100553035736084,11.342761039733887,2.2422080039978027
9.10872197151184,11.342230081558228,2.2335081100463867
9.119184970855713,11.340914011001587,2.221729040145874
9.128255128860474,11.341545104980469,2.213289976119995
9.150217056274414,11.34243893623352,2.1922218799591064
9.158891201019287,11.344120264053345,2.1852290630340576
9.168578147888184,11.348135948181152,2.1795578002929688
9.179006099700928,11.34743618965149,2.1684300899505615
9.199802160263062,11.342467069625854,2.142664909362793
9.20805811882019,11.342112064361572,2.134053945541382
9.21783995628357,11.34318208694458,2.1253421306610107
9.227776050567627,11.346778154373169,2.119002103805542
9.250035047531128,11.34608006477356,2.0960450172424316
9.258661985397339,11.346725940704346,2.088063955307007
9.268912076950073,11.348120212554932,2.0792081356048584
9.27830719947815,11.348688125610352,2.070380926132202
9.300092935562134,11.342547178268433,2.042454242706299
9.308698177337646,11.348451137542725,2.039752960205078
9.31789231300354,11.347631216049194,2.0297389030456543
9.327545166015625,11.348719120025635,2.0211739540100098
9.35057806968689,11.344125986099243,1.9935479164123535
9.358951091766357,11.346755266189575,1.9878041744232178
9.367555141448975,11.345587015151978,1.978031873703003
9.378365993499756,11.341792106628418,1.963426113128662
9.399521112442017,11.343776226043701,1.9442551136016846
9.40888500213623,11.350770950317383,1.9418859481811523
9.417586088180542,11.345749139785767,1.9281630516052246
9.428736209869385,11.348767042160034,1.9200308322906494
9.449244022369385,11.34474515914917,1.8955011367797852
9.45975112915039,11.343902111053467,1.8841509819030762
9.469191074371338,11.348801136016846,1.8796100616455078
9.478484153747559,11.348343133926392,1.869858980178833
9.50076413154602,11.343507051467896,1.842742919921875
9.508788108825684,11.348752975463867,1.8399648666381836
9.519317150115967,11.35080623626709,1.831489086151123
9.528834104537964,11.343155145645142,1.8143210411071777
9.55018925666809,11.342018127441406,1.7918288707733154
9.559617042541504,11.342135190963745,1.7825181484222412
9.568925142288208,11.34375810623169,1.7748329639434814
9.579107284545898,11.34682822227478,1.7677209377288818
9.60039210319519,11.345985174179077,1.7455930709838867
9.608474969863892,11.350351333618164,1.7418763637542725
9.618465185165405,11.342885971069336,1.7244207859039307
9.628767013549805,11.342473983764648,1.7137069702148438
9.65078616142273,11.345371007919312,1.694584846496582
9.658951997756958,11.35057520866394,1.6916232109069824
9.668903112411499,11.345707178115845,1.6768040657043457
9.678688049316406,11.347121000289917,1.6684329509735107
9.699463129043579,11.347232103347778,1.6477689743041992
9.709805250167847,11.342871189117432,1.633065938949585
9.719162940979004,11.349273204803467,1.630110263824463
9.728477001190186,11.342025995254517,1.613548994064331
9.749989986419678,11.346120119094849,1.596130132675171
9.759525299072266,11.34260106086731,1.583075761795044
9.769169092178345,11.348880290985107,1.5797111988067627
9.778213262557983,11.342656135559082,1.5644428730010986
9.799554109573364,11.344855070114136,1.5453009605407715
9.808983087539673,11.345571279525757,1.536588191986084
9.819125175476074,11.35039210319519,1.5312669277191162
9.827517032623291,11.344216108322144,1.5166990756988525
9.849473237991333,11.341361045837402,1.4918878078460693
9.858233213424683,11.344916105270386,1.4866828918457031
9.867801189422607,11.34603500366211,1.478233814239502
9.878650188446045,11.345198154449463,1.466547966003418
9.89991307258606,11.343959093093872,1.4440460205078125
9.908225059509277,11.35006594657898,1.4418408870697021
9.917867183685303,11.34276795387268,1.424900770187378
9.92781114578247,11.343573093414307,1.415761947631836
9.950176000595093,11.342895984649658,1.3927199840545654
9.959502220153809,11.343937158584595,1.3844349384307861
9.968810081481934,11.346363067626953,1.3775529861450195
9.979335069656372,11.341691017150879,1.3623559474945068
10.000057220458984,11.34501314163208,1.3449559211730957
10.008280277252197,11.343244075775146,1.3349637985229492
10.018050193786621,11.345251083374023,1.3272008895874023
10.028561115264893,11.34145998954773,1.312898874282837
10.050920009613037,11.342414140701294,1.2914941310882568
10.05851125717163,11.342090129852295,1.283578872680664
10.068462133407593,11.344887256622314,1.2764251232147217
10.077972173690796,11.341675043106079,1.2637028694152832
10.100280284881592,11.345323085784912,1.2450428009033203
10.109346151351929,11.344386100769043,1.2350399494171143
10.119418144226074,11.348772287368774,1.2293541431427002
10.128173112869263,11.342490911483765,1.214317798614502
10.150057077407837,11.34587025642395,1.1958131790161133
10.159348011016846,11.342833995819092,1.183485984802246
10.168585062026978,11.34662914276123,1.178044080734253
10.178328275680542,11.34681510925293,1.1684868335723877
10.199404239654541,11.345715999603271,1.1463117599487305
10.209038257598877,11.342205047607422,1.133166790008545
10.218229055404663,11.347125053405762,1.1288959980010986
10.228799104690552,11.342608213424683,1.1138091087341309
10.250948190689087,11.34570026397705,1.0947520732879639
10.259043216705322,11.342941999435425,1.0838987827301025
10.26914119720459,11.346557140350342,1.077415943145752
10.278792142868042,11.344120264053345,1.0653281211853027
10.300595045089722,11.347207069396973,1.046612024307251
10.309010982513428,11.35080099105835,1.0417900085449219
10.318000078201294,11.346955060958862,1.0289549827575684
10.328591108322144,11.343247175216675,1.0146560668945312
10.350497245788574,11.34752607345581,0.9970288276672363
10.358219146728516,11.342902183532715,0.9846830368041992
10.368248224258423,11.350747108459473,0.9824988842010498
10.378221273422241,11.342309951782227,0.9640886783599854
10.399800062179565,11.342956066131592,0.9431560039520264
10.40897011756897,11.344069242477417,0.9350991249084473
10.419433116912842,11.34665298461914,0.9272198677062988
10.427986145019531,11.3423011302948,0.9143149852752686
10.450192213058472,11.341957330703735,0.8917651176452637
10.459169149398804,11.346368074417114,0.8871989250183105
10.469020128250122,11.347157001495361,0.8781368732452393
10.47869324684143,11.348746061325073,0.8700528144836426
10.499781131744385,11.34567403793335,0.8458929061889648
10.508847951889038,11.341401100158691,0.8325531482696533
10.517903327941895,11.345854043960571,0.8279507160186768
10.528027057647705,11.341570138931274,0.8135430812835693
10.54939603805542,11.344986200332642,0.7955901622772217
10.558545112609863,11.343004941940308,0.7844598293304443
10.5678071975708,11.346312999725342,0.778505802154541
10.578808069229126,11.34746503829956,0.7686569690704346
10.600131273269653,11.34494400024414,0.7448127269744873
10.608549118041992,11.343833208084106,0.7352840900421143
10.617462158203125,11.345885038375854,0.7284228801727295
10.627535104751587,11.342211246490479,0.7146761417388916
10.650066137313843,11.345729112625122,0.6956629753112793
10.658611059188843,11.343866109848022,0.6852550506591797
10.668605089187622,11.350701093673706,0.682096004486084
10.678047180175781,11.343912124633789,0.6658649444580078
10.700033187866211,11.346520185470581,0.6464869976043701
10.70800518989563,11.341673135757446,0.6336679458618164
10.71823501586914,11.345661163330078,0.6274261474609375
10.728673219680786,11.345836162567139,0.6171629428863525
10.74929428100586,11.341088056564331,0.5917937755584717
10.758660316467285,11.343270063400269,0.5846097469329834
10.768301248550415,11.346285104751587,0.5779838562011719
10.777805089950562,11.341012001037598,0.5632069110870361
10.799590110778809,11.341209173202515,0.541619062423706
10.808880090713501,11.344434976577759,0.5355548858642578
10.818507194519043,11.34490704536438,0.5263998508453369
10.827717304229736,11.347789287567139,0.5200719833374023
10.848989963531494,11.345958948135376,0.49696898460388184
10.858256340026855,11.344406127929688,0.48614978790283203
10.867701053619385,11.344358921051025,0.4766578674316406
10.878183126449585,11.343661069869995,0.46547794342041016
10.900549173355103,11.343884229660034,0.44333505630493164
10.90842604637146,11.343049049377441,0.43462300300598145
10.918673038482666,11.344174146652222,0.42550110816955566
10.928110122680664,11.343101978302002,0.4149918556213379
10.95056414604187,11.341453075408936,0.39088892936706543
10.958943128585815,11.344316005706787,0.3853728771209717
10.96894907951355,11.347173929214478,0.37822484970092773
10.977994203567505,11.345160961151123,0.36716675758361816
11.000488042831421,11.342502117156982,0.3420140743255615
11.008939027786255,11.351328134536743,0.3423891067504883
11.017683029174805,11.3472421169281,0.3295590877532959
11.028326034545898,11.348781108856201,0.32045507431030273
11.048936128616333,11.345834016799927,0.29689788818359375
11.059094190597534,11.353244066238403,0.29414987564086914
11.067944049835205,11.344261169433594,0.27631711959838867
11.07852292060852,11.347722053527832,0.2691991329193115
11.099898338317871,11.341477155685425,0.2415788173675537
11.109459161758423,11.356673240661621,0.24721407890319824
11.117419242858887,11.343347072601318,0.22592782974243164
11.128847122192383,11.349816083908081,0.22096896171569824
11.150447130203247,11.34891128540039,0.19846415519714355
11.158710241317749,11.359363079071045,0.2006528377532959
11.169043064117432,11.353991985321045,0.18494892120361328
11.178606271743774,11.349864959716797,0.17125868797302246
11.200079202651978,11.3492271900177,0.14914798736572266
11.208193063735962,11.359402179718018,0.15120911598205566
11.217470169067383,11.35409426689148,0.13662409782409668
11.227935075759888,11.349914312362671,0.1219792366027832
11.25067925453186,11.350306272506714,0.09962701797485352
11.25908899307251,11.359535932540894,0.10044693946838379
11.268163204193115,11.354146242141724,0.0859830379486084
11.278165102005005,11.35300898551941,0.0748438835144043
11.299571990966797,11.35329008102417,0.05371809005737305
11.308863162994385,11.359570980072021,0.05070781707763672
11.31873106956482,11.354275226593018,0.03554415702819824
11.32848310470581,11.355567932128906,0.027084827423095703
11.350266933441162,11.365353107452393,0.015086174011230469
11.35778522491455,11.365779161453247,0.007993936538696289
11.367524147033691,11.372820138931274,0.005295991897583008
11.377870082855225,11.38817811012268,0.010308027267456055
11.399964094161987,11.404489994049072,0.004525899887084961
11.409172058105469,11.415715217590332,0.006543159484863281
11.418066024780273,11.42456316947937,0.00649714469909668
11.428036212921143,11.433708190917969,0.005671977996826172
11.4500150680542,11.457986116409302,0.007971048355102539
11.458380222320557,11.462809085845947,0.004428863525390625
11.468526124954224,11.476194143295288,0.007668018341064453
11.47862720489502,11.484386205673218,0.005759000778198242
11.499686002731323,11.507692098617554,0.008006095886230469
11.508157968521118,11.510473012924194,0.002315044403076172
11.517669200897217,11.524770259857178,0.0071010589599609375
11.527570962905884,11.534306049346924,0.006735086441040039
11.54980993270874,11.554149150848389,0.0043392181396484375
11.558754205703735,11.564236164093018,0.0054819583892822266
11.568714141845703,11.576364040374756,0.007649898529052734
11.577606916427612,11.583279132843018,0.0056722164154052734
11.599457025527954,11.606513977050781,0.0070569515228271484
11.609137058258057,11.615192174911499,0.006055116653442383
11.618653059005737,11.624641180038452,0.005988121032714844
11.628304243087769,11.637622117996216,0.009317874908447266
11.650190114974976,11.656170129776001,0.005980014801025391
11.65833306312561,11.665655136108398,0.007322072982788086
11.668615102767944,11.6753511428833,0.006736040115356445
11.678961038589478,11.684910297393799,0.005949258804321289
11.70021104812622,11.706845998764038,0.006634950637817383
11.708747148513794,11.71395206451416,0.005204916000366211
11.719060182571411,11.725503206253052,0.006443023681640625
11.72843599319458,11.736385107040405,0.007949113845825195
11.749917030334473,11.763226985931396,0.013309955596923828
11.758860111236572,11.769115924835205,0.010255813598632812
11.768142223358154,11.77444314956665,0.006300926208496094
11.778056144714355,11.781626224517822,0.003570079803466797
11.800616979598999,11.807260990142822,0.006644010543823242
11.80852198600769,11.816435098648071,0.00791311264038086
11.818612098693848,11.824944972991943,0.006332874298095703
11.828634262084961,11.834531307220459,0.005897045135498047
11.849455118179321,11.85531497001648,0.005859851837158203
11.858715057373047,11.86714506149292,0.008430004119873047
11.86912226676941,11.874366998672485,0.005244731903076172
11.878673076629639,11.885308980941772,0.006635904312133789
11.899965047836304,11.90752911567688,0.007564067840576172
11.909354209899902,11.916256189346313,0.006901979446411133
11.917556047439575,11.925683975219727,0.008127927780151367
11.928073167800903,11.93331003189087,0.00523686408996582
11.949634075164795,11.958913087844849,0.009279012680053711
11.95845627784729,11.965313196182251,0.0068569183349609375
11.968208312988281,11.972378969192505,0.004170656204223633
11.978149175643921,11.982466220855713,0.004317045211791992
12.003389120101929,12.0086190700531,0.005229949951171875
12.008805990219116,12.01448106765747,0.005675077438354492
12.018012046813965,12.026864051818848,0.008852005004882812
12.02795124053955,12.035558938980103,0.007607698440551758
12.050093173980713,12.05441689491272,0.004323720932006836
12.058325052261353,12.06716799736023,0.008842945098876953
12.068262100219727,12.071784019470215,0.0035219192504882812
12.078123092651367,12.084275007247925,0.006151914596557617
12.101499080657959,12.106671333312988,0.005172252655029297
12.109016180038452,12.11505913734436,0.006042957305908203
12.117720127105713,12.12513017654419,0.0074100494384765625
12.128791093826294,12.14250922203064,0.013718128204345703
12.150099992752075,12.154200077056885,0.00410008430480957
12.158850193023682,12.165702104568481,0.006851911544799805
12.168647050857544,12.177573919296265,0.008926868438720703
12.17728590965271,12.18413496017456,0.006849050521850586
12.19963026046753,12.2047700881958,0.005139827728271484
12.208592176437378,12.213086128234863,0.0044939517974853516
12.218704223632812,12.228373050689697,0.009668827056884766
12.227489233016968,12.230632066726685,0.003142833709716797
12.250584125518799,12.254364967346191,0.003780841827392578
12.259213209152222,12.261311054229736,0.0020978450775146484
12.26798415184021,12.2725191116333,0.00453495979309082
12.281331062316895,12.309369087219238,0.02803802490234375
12.299698114395142,12.313904047012329,0.0142059326171875
12.3089759349823,12.313892126083374,0.004916191101074219
12.31876015663147,12.326728105545044,0.007967948913574219
12.328952074050903,12.333357095718384,0.004405021667480469
12.349926948547363,12.358070135116577,0.008143186569213867
12.358227014541626,12.36683702468872,0.008610010147094727
12.368436098098755,12.375519037246704,0.007082939147949219
12.378389120101929,12.38482117652893,0.006432056427001953
12.402988195419312,12.409040927886963,0.006052732467651367
12.408883094787598,12.414849042892456,0.0059659481048583984
12.418496131896973,12.424416065216064,0.005919933319091797
12.427961111068726,12.432560920715332,0.004599809646606445
12.450005054473877,12.453920125961304,0.003915071487426758
12.458635091781616,12.46604609489441,0.007411003112792969
12.468408107757568,12.474648237228394,0.006240129470825195
12.478090047836304,12.485226154327393,0.007136106491088867
12.502041101455688,12.50765609741211,0.0056149959564208984
12.509409189224243,12.514832973480225,0.005423784255981445
12.518732070922852,12.524266004562378,0.005533933639526367
12.528625011444092,12.537768125534058,0.00914311408996582
12.54917311668396,12.556042194366455,0.006869077682495117
12.559056997299194,12.562966108322144,0.003909111022949219
12.56877326965332,12.573065042495728,0.0042917728424072266
12.578712224960327,12.584330081939697,0.005617856979370117
12.600223064422607,12.610172986984253,0.009949922561645508
12.609262228012085,12.61459994316101,0.005337715148925781
12.618236064910889,12.626026153564453,0.007790088653564453
12.628186225891113,12.635057926177979,0.006871700286865234
12.648781061172485,12.652698278427124,0.003917217254638672
12.658799171447754,12.664582014083862,0.0057828426361083984
12.66804313659668,12.675964117050171,0.007920980453491211
12.678270101547241,12.68291425704956,0.004644155502319336
12.69988203048706,12.705811977386475,0.0059299468994140625
12.709708213806152,12.715278148651123,0.005569934844970703
12.718168258666992,12.723966121673584,0.005797863006591797
12.727585077285767,12.735440969467163,0.007855892181396484
12.749825239181519,12.75841212272644,0.008586883544921875
12.759207963943481,12.764827013015747,0.005619049072265625
12.769220113754272,12.773632049560547,0.004411935806274414
12.778398036956787,12.787493228912354,0.009095191955566406
12.800077199935913,12.808078289031982,0.008001089096069336
12.809675216674805,12.81549334526062,0.00581812858581543
12.818273067474365,12.825776100158691,0.007503032684326172
12.828451156616211,12.833970069885254,0.005518913269042969
12.853761196136475,12.862056016921997,0.008294820785522461
12.85848093032837,12.866785049438477,0.008304119110107422
12.86875295639038,12.875577211380005,0.0068242549896240234
12.878077030181885,12.885266065597534,0.007189035415649414
12.90004301071167,12.90240216255188,0.002359151840209961
12.908509016036987,12.918325185775757,0.009816169738769531
12.918744087219238,12.931713104248047,0.012969017028808594
12.928529977798462,12.936309099197388,0.007779121398925781
12.950186014175415,12.95737600326538,0.00718998908996582
12.958826065063477,12.96505618095398,0.00623011589050293
12.967647075653076,12.974555969238281,0.006908893585205078
12.978467226028442,12.984637022018433,0.006169795989990234
12.999644994735718,13.00747013092041,0.007825136184692383
13.009153127670288,13.014235019683838,0.005081892013549805
13.01815915107727,13.025496244430542,0.007337093353271484
13.033971071243286,13.041123151779175,0.007152080535888672
13.049188137054443,13.053159952163696,0.00397181510925293
13.059449195861816,13.065224170684814,0.005774974822998047
13.067638158798218,13.075529098510742,0.007890939712524414
13.078489303588867,13.088137149810791,0.009647846221923828
13.0996413230896,13.104321241378784,0.00467991828918457
13.108550071716309,13.115240097045898,0.006690025329589844
13.11778998374939,13.129051923751831,0.011261940002441406
13.128536224365234,13.133678197860718,0.0051419734954833984
13.149892330169678,13.156383037567139,0.0064907073974609375
13.158872127532959,13.16755723953247,0.008685111999511719
13.169191122055054,13.175567150115967,0.006376028060913086
13.177950143814087,13.180947065353394,0.0029969215393066406
13.199610233306885,13.205328226089478,0.0057179927825927734
13.209681034088135,13.214884281158447,0.0052032470703125
13.218403100967407,13.224613189697266,0.0062100887298583984
13.228591918945312,13.234039068222046,0.0054471492767333984
13.250272035598755,13.2553870677948,0.005115032196044922
13.259099006652832,13.267473936080933,0.008374929428100586
13.268351078033447,13.274251222610474,0.005900144577026367
13.278800249099731,13.28414511680603,0.005344867706298828
13.29944920539856,13.305705070495605,0.0062558650970458984
13.308823108673096,13.316025257110596,0.0072021484375
13.319139242172241,13.324095010757446,0.004955768585205078
13.32763409614563,13.331670045852661,0.00403594970703125
13.34992527961731,13.360368013381958,0.010442733764648438
13.359235286712646,13.366798162460327,0.007562875747680664
13.368019104003906,13.373050928115845,0.0050318241119384766
13.378765106201172,13.393153190612793,0.014388084411621094
13.400795936584473,13.40736699104309,0.006571054458618164
13.408794164657593,13.41430115699768,0.005506992340087891
13.418267011642456,13.4253511428833,0.0070841312408447266
13.427680015563965,13.43673300743103,0.00905299186706543
13.451056003570557,13.456086158752441,0.005030155181884766
13.45918607711792,13.463613033294678,0.0044269561767578125
13.468330144882202,13.476124048233032,0.007793903350830078
13.478589057922363,13.484019041061401,0.005429983139038086
13.500070095062256,13.502819299697876,0.002749204635620117
13.512680053710938,13.522449970245361,0.009769916534423828
13.518891096115112,13.526621103286743,0.007730007171630859
13.528426170349121,13.533960103988647,0.005533933639526367
13.550186157226562,13.55997610092163,0.00978994369506836
13.558987140655518,13.563316106796265,0.00432896614074707
13.568071126937866,13.572192192077637,0.004121065139770508
13.57810115814209,13.58334493637085,0.005243778228759766
13.600525140762329,13.609265089035034,0.008739948272705078
13.609513998031616,13.616759061813354,0.007245063781738281
13.618438005447388,13.622263193130493,0.0038251876831054688
13.628766059875488,13.640016317367554,0.01125025749206543
13.650511264801025,13.657084941864014,0.006573677062988281
13.658215045928955,13.665946245193481,0.007731199264526367
13.668403148651123,13.673034191131592,0.00463104248046875
13.67809510231018,13.682175159454346,0.004080057144165039
13.700138092041016,13.706305027008057,0.006166934967041016
13.70876407623291,13.714714288711548,0.005950212478637695
13.719213247299194,13.733829975128174,0.014616727828979492
13.727986097335815,13.733819007873535,0.0058329105377197266
13.750767230987549,13.755396127700806,0.004628896713256836
13.758932113647461,13.767153024673462,0.008220911026000977
13.76907205581665,13.772922992706299,0.0038509368896484375
13.77891731262207,13.78584909439087,0.006931781768798828
13.799620151519775,13.812142133712769,0.012521982192993164
13.809020042419434,13.815675973892212,0.00665593147277832
13.818231105804443,13.826553106307983,0.008322000503540039
13.82901406288147,13.833926916122437,0.004912853240966797
13.849971055984497,13.858685970306396,0.008714914321899414
13.858490943908691,13.865259170532227,0.006768226623535156
13.869221210479736,13.88544511795044,0.016223907470703125
13.878108978271484,13.885462045669556,0.007353067398071289
13.900922298431396,13.906999111175537,0.006076812744140625
13.908868312835693,13.917783260345459,0.008914947509765625
13.918704986572266,13.924317121505737,0.00561213493347168
13.928646087646484,13.93537712097168,0.0067310333251953125
13.949677228927612,13.95718502998352,0.007507801055908203
13.958460092544556,13.968389987945557,0.009929895401000977
13.968583106994629,13.974981307983398,0.006398200988769531
13.978293180465698,13.986699104309082,0.008405923843383789
13.999240159988403,14.005263328552246,0.0060231685638427734
14.008760213851929,14.012482166290283,0.003721952438354492
14.017442226409912,14.024525165557861,0.007082939147949219
14.028455972671509,14.034282207489014,0.005826234817504883
14.053840160369873,14.06121301651001,0.007372856140136719
14.059479236602783,14.065238237380981,0.005759000778198242
14.06872820854187,14.074870109558105,0.0061419010162353516
14.078526020050049,14.088709354400635,0.010183334350585938
14.100336074829102,14.106982946395874,0.006646871566772461
14.108290195465088,14.122016191482544,0.013725996017456055
14.118545055389404,14.122024059295654,0.00347900390625
14.128976345062256,14.13844609260559,0.009469747543334961
14.149669885635376,14.152579069137573,0.0029091835021972656
14.158846139907837,14.163923025131226,0.005076885223388672
14.168663263320923,14.177507162094116,0.00884389877319336
14.178130149841309,14.184674263000488,0.0065441131591796875
14.204894065856934,14.217324256896973,0.012430191040039062
14.209241151809692,14.217307090759277,0.008065938949584961
14.21826696395874,14.224408149719238,0.006141185760498047
14.227805137634277,14.233381986618042,0.0055768489837646484
14.249266147613525,14.257982015609741,0.00871586799621582
14.258728981018066,14.266432046890259,0.007703065872192383
14.26869511604309,14.273131132125854,0.004436016082763672
14.277868032455444,14.283279180526733,0.0054111480712890625
14.302388191223145,14.310906887054443,0.008518695831298828
14.309794187545776,14.32040023803711,0.010606050491333008
14.317789077758789,14.322643995285034,0.004854917526245117
14.328572034835815,14.333446025848389,0.004873991012573242
14.350393295288086,14.3563232421875,0.0059299468994140625
14.3593270778656,14.366186141967773,0.0068590641021728516
14.36753225326538,14.375115156173706,0.007582902908325195
14.378875017166138,14.388387203216553,0.009512186050415039
14.399923086166382,14.407532215118408,0.007609128952026367
14.409616231918335,14.419417142868042,0.009800910949707031
14.418249130249023,14.421831130981445,0.003582000732421875
14.428874015808105,14.436558246612549,0.007684230804443359
14.450031280517578,14.453784227371216,0.0037529468536376953
14.458287239074707,14.463521242141724,0.0052340030670166016
14.468770265579224,14.475389003753662,0.0066187381744384766
14.479509115219116,14.491246223449707,0.01173710823059082
14.500144004821777,14.508215188980103,0.008071184158325195
14.508379936218262,14.515212059020996,0.006832122802734375
14.518660306930542,14.523452997207642,0.004792690277099609
14.528277158737183,14.53302001953125,0.004742860794067383
14.55078411102295,14.554780006408691,0.0039958953857421875
14.559248208999634,14.564342021942139,0.005093812942504883
14.571846008300781,14.581758975982666,0.009912967681884766
14.578623056411743,14.584306955337524,0.00568389892578125
14.604205131530762,14.610466241836548,0.006261110305786133
14.608412981033325,14.614485025405884,0.006072044372558594
14.618153095245361,14.624344110488892,0.0061910152435302734
14.627915143966675,14.633829355239868,0.005914211273193359
14.65055227279663,14.656156063079834,0.005603790283203125
14.658765077590942,14.66683292388916,0.008067846298217773
14.668320178985596,14.671614170074463,0.0032939910888671875
14.678458213806152,14.685106039047241,0.006647825241088867
14.6997971534729,14.709472179412842,0.009675025939941406
14.708269119262695,14.715742111206055,0.007472991943359375
14.718228101730347,14.721338272094727,0.003110170364379883
14.727390050888062,14.732176303863525,0.004786252975463867
14.752698183059692,14.762768983840942,0.01007080078125
14.758508205413818,14.769185066223145,0.010676860809326172
14.768478155136108,14.772761106491089,0.004282951354980469
14.777683019638062,14.784594058990479,0.006911039352416992
14.800726175308228,14.807816982269287,0.00709080696105957
14.809137105941772,14.811901092529297,0.002763986587524414
14.81918215751648,14.826221227645874,0.007039070129394531
14.828399181365967,14.835324048995972,0.006924867630004883
14.852986335754395,14.859182119369507,0.006195783615112305
14.859685897827148,14.863266229629517,0.003580331802368164
14.868636131286621,14.875566244125366,0.006930112838745117
14.878116130828857,14.882501125335693,0.0043849945068359375
14.899715185165405,14.906479120254517,0.006763935089111328
14.908003091812134,14.91581130027771,0.007808208465576172
14.922248125076294,14.92925500869751,0.00700688362121582
14.928252935409546,14.93516230583191,0.006909370422363281
14.950406074523926,14.955026149749756,0.004620075225830078
14.959203243255615,14.96339201927185,0.0041887760162353516
14.968663215637207,14.975434064865112,0.0067708492279052734
14.97805404663086,14.985141038894653,0.007086992263793945
15.00005316734314,15.005883932113647,0.0058307647705078125
15.009604215621948,15.016117095947266,0.006512880325317383
15.018757343292236,15.02560806274414,0.006850719451904297
15.028480052947998,15.034358024597168,0.005877971649169922
15.049715042114258,15.059407234191895,0.009692192077636719
15.05880093574524,15.063330173492432,0.004529237747192383
15.068794250488281,15.075576066970825,0.006781816482543945
15.078143119812012,15.084228277206421,0.00608515739440918
15.100799083709717,15.1061372756958,0.005338191986083984
15.110933065414429,15.119815111160278,0.00888204574584961
15.117557048797607,15.122120141983032,0.004563093185424805
15.128777027130127,15.134682178497314,0.0059051513671875
15.149669170379639,15.15724229812622,0.007573127746582031
15.1583890914917,15.164481163024902,0.006092071533203125
15.168050050735474,15.172685146331787,0.0046350955963134766
15.178493976593018,15.184619188308716,0.006125211715698242
15.200622081756592,15.208911180496216,0.008289098739624023
15.209793090820312,15.214746236801147,0.004953145980834961
15.219137191772461,15.22359299659729,0.0044558048248291016
15.228788137435913,15.237037181854248,0.008249044418334961
15.249954223632812,15.254224300384521,0.004270076751708984
15.258581161499023,15.263151168823242,0.00457000732421875
15.267789125442505,15.272218227386475,0.0044291019439697266
15.278741121292114,15.284008026123047,0.005266904830932617
15.300604104995728,15.30740213394165,0.0067980289459228516
15.30881118774414,15.314164161682129,0.005352973937988281
15.318789958953857,15.32404899597168,0.005259037017822266
15.328261137008667,15.338299036026001,0.010037899017333984
15.350821256637573,15.355439901351929,0.004618644714355469
15.35923719406128,15.36286211013794,0.0036249160766601562
15.368527173995972,15.372488975524902,0.003961801528930664
15.37906527519226,15.38463020324707,0.00556492805480957
15.400832176208496,15.409764289855957,0.008932113647460938
15.408629179000854,15.413532018661499,0.004902839660644531
15.418792009353638,15.425960063934326,0.0071680545806884766
15.428552150726318,15.436208963394165,0.00765681266784668
15.449130058288574,15.456221103668213,0.007091045379638672
15.458917140960693,15.467026948928833,0.008109807968139648
15.468153238296509,15.474981307983398,0.0068280696868896484
15.478639125823975,15.485320091247559,0.006680965423583984
15.501156330108643,15.508646011352539,0.007489681243896484
15.509230136871338,15.517065048217773,0.007834911346435547
15.519109964370728,15.524890899658203,0.005780935287475586
15.528182029724121,15.534115076065063,0.005933046340942383
15.550536155700684,15.5571870803833,0.0066509246826171875
15.559522151947021,15.565136194229126,0.005614042282104492
15.567881107330322,15.57605504989624,0.008173942565917969
15.578541278839111,15.585225105285645,0.006683826446533203
15.60018014907837,15.60562014579773,0.0054399967193603516
15.608259201049805,15.615617036819458,0.00735783576965332
15.617890119552612,15.625412225723267,0.007522106170654297
15.630837202072144,15.643079996109009,0.012242794036865234
15.649816274642944,15.65617322921753,0.006356954574584961
15.658839225769043,15.665460109710693,0.006620883941650391
15.66789722442627,15.67545199394226,0.007554769515991211
15.678680181503296,15.690008163452148,0.011327981948852539
15.700575113296509,15.708344221115112,0.007769107818603516
15.7084801197052,15.712609052658081,0.004128932952880859
15.71842908859253,15.725135326385498,0.00670623779296875
15.72846007347107,15.73646593093872,0.008005857467651367
15.75276803970337,15.761296272277832,0.00852823257446289
15.759022235870361,15.76361608505249,0.004593849182128906
15.768954277038574,15.77478313446045,0.005828857421875
15.778699159622192,15.787124156951904,0.008424997329711914
15.800802230834961,15.806652069091797,0.0058498382568359375
15.807992219924927,15.82253122329712,0.014539003372192383
15.821230173110962,15.829231977462769,0.00800180435180664
15.828328132629395,15.83640718460083,0.008079051971435547
15.849043130874634,15.854745149612427,0.005702018737792969
15.85967206954956,15.869141101837158,0.009469032287597656
15.868866205215454,15.876333236694336,0.007467031478881836
15.878801107406616,15.885968923568726,0.007167816162109375
15.899639129638672,15.911113023757935,0.011473894119262695
15.909528255462646,15.917253255844116,0.0077250003814697266
15.917960166931152,15.926350116729736,0.008389949798583984
15.927712202072144,15.935445070266724,0.007732868194580078
15.949949026107788,15.952814102172852,0.0028650760650634766
15.958728075027466,15.965463161468506,0.006735086441040039
15.967937231063843,15.975604057312012,0.007666826248168945
15.977606058120728,15.98506498336792,0.007458925247192383
16.001030921936035,16.00677728652954,0.005746364593505859
16.00921106338501,16.01617407798767,0.006963014602661133
16.01918125152588,16.025382041931152,0.0062007904052734375
16.029102087020874,16.03864622116089,0.009544134140014648
16.04978632926941,16.057141065597534,0.007354736328125
16.059352159500122,16.066084146499634,0.006731986999511719
16.06809711456299,16.074201107025146,0.006103992462158203
16.07852816581726,16.085253953933716,0.006725788116455078
16.105367183685303,16.114213228225708,0.008846044540405273
16.109289169311523,16.118224143981934,0.008934974670410156
16.118008136749268,16.12580418586731,0.007796049118041992
16.128477096557617,16.135170221328735,0.006693124771118164
16.149988174438477,16.152632236480713,0.002644062042236328
16.15970516204834,16.165006160736084,0.005300998687744141
16.169164180755615,16.176743030548096,0.007578849792480469
16.178500175476074,16.18336319923401,0.00486302375793457
16.199742078781128,16.20762300491333,0.007880926132202148
16.20907497406006,16.214208126068115,0.005133152008056641
16.218902111053467,16.2308292388916,0.011927127838134766
16.228886127471924,16.23720097541809,0.008314847946166992
16.249945163726807,16.254791021347046,0.004845857620239258
16.259586095809937,16.268652200698853,0.009066104888916016
16.26862597465515,16.272784948349,0.004158973693847656
16.278969287872314,16.284507036209106,0.005537748336791992
16.300217151641846,16.310319900512695,0.01010274887084961
16.30902099609375,16.31441020965576,0.005389213562011719
16.318348169326782,16.324907064437866,0.006558895111083984
16.327420949935913,16.334447145462036,0.007026195526123047
16.350749015808105,16.35747790336609,0.0067288875579833984
16.359246253967285,16.365295886993408,0.006049633026123047
16.36906123161316,16.37483501434326,0.005773782730102539
16.378777265548706,16.386007070541382,0.007229804992675781
16.40018916130066,16.407644987106323,0.0074558258056640625
16.40938711166382,16.41682004928589,0.0074329376220703125
16.418249130249023,16.42631196975708,0.00806283950805664
16.42879605293274,16.437469959259033,0.008673906326293945
16.45066809654236,16.455864191055298,0.005196094512939453
16.459530115127563,16.464155912399292,0.004625797271728516
16.468793153762817,16.47568702697754,0.00689387321472168
16.47885513305664,16.487049102783203,0.0081939697265625
16.500535249710083,16.507933139801025,0.007397890090942383
16.509215116500854,16.517488956451416,0.008273839950561523
16.51891803741455,16.524959087371826,0.006041049957275391
16.52818202972412,16.53442907333374,0.006247043609619141
16.550472021102905,16.557217121124268,0.006745100021362305
16.55904793739319,16.565614223480225,0.006566286087036133
16.568194150924683,16.574779987335205,0.006585836410522461
16.578266143798828,16.587144136428833,0.008877992630004883
16.599730968475342,16.607404232025146,0.0076732635498046875
16.608784914016724,16.62269902229309,0.013914108276367188
16.61910605430603,16.628483295440674,0.009377241134643555
16.62782311439514,16.63173198699951,0.003908872604370117
16.650951147079468,16.656185150146484,0.0052340030670166016
16.659648180007935,16.663616180419922,0.003968000411987305
16.668573141098022,16.67591094970703,0.007337808609008789
16.678770065307617,16.69287610054016,0.014106035232543945
16.700669050216675,16.705127954483032,0.004458904266357422
16.709213972091675,16.716830015182495,0.0076160430908203125
16.71853494644165,16.72239327430725,0.003858327865600586
16.729154109954834,16.745220184326172,0.01606607437133789
16.7496600151062,16.753027200698853,0.003367185592651367
16.758865118026733,16.76442813873291,0.005563020706176758
16.76774311065674,16.772462129592896,0.0047190189361572266
16.77811908721924,16.78178119659424,0.003662109375
16.79952907562256,16.806684017181396,0.007154941558837891
16.80953311920166,16.81479811668396,0.005264997482299805
16.818573236465454,16.823622941970825,0.005049705505371094
16.828479051589966,16.835313081741333,0.0068340301513671875
16.850003004074097,16.8541419506073,0.004138946533203125
16.85857319831848,16.863269329071045,0.0046961307525634766
16.868133306503296,16.87725019454956,0.009116888046264648
16.878372192382812,16.884949207305908,0.006577014923095703
16.900381088256836,16.906981945037842,0.006600856781005859
16.909589052200317,16.916794300079346,0.00720524787902832
16.917979955673218,16.92377018928528,0.005790233612060547
16.92830228805542,16.935522079467773,0.007219791412353516
16.94966411590576,16.95657515525818,0.006911039352416992
16.95896816253662,16.96626615524292,0.007297992706298828
16.968897104263306,16.974508047103882,0.005610942840576172
16.977941036224365,16.99127721786499,0.013336181640625
16.999938249588013,17.004436016082764,0.0044977664947509766
17.008533000946045,17.017364025115967,0.008831024169921875
17.01848316192627,17.028014183044434,0.009531021118164062
17.02811026573181,17.03486919403076,0.006758928298950195
17.050562143325806,17.058685064315796,0.008122920989990234
17.059434175491333,17.065160036087036,0.005725860595703125
17.0675630569458,17.079301118850708,0.011738061904907227
17.07928705215454,17.082921028137207,0.0036339759826660156
17.100414037704468,17.108922243118286,0.00850820541381836
17.109207153320312,17.1152241230011,0.006016969680786133
17.11894726753235,17.12608313560486,0.007135868072509766
17.127296209335327,17.136431217193604,0.009135007858276367
17.14964723587036,17.154906272888184,0.005259037017822266
17.159348011016846,17.16668701171875,0.007339000701904297
17.16868805885315,17.175655126571655,0.006967067718505859
17.178446292877197,17.187406301498413,0.00896000862121582
17.19984006881714,17.20806312561035,0.00822305679321289
17.20847797393799,17.217929124832153,0.009451150894165039
17.218909978866577,17.224170207977295,0.0052602291107177734
17.2280330657959,17.23346996307373,0.005436897277832031
17.249588012695312,17.25696325302124,0.007375240325927734
17.258148193359375,17.260602951049805,0.0024547576904296875
17.267374277114868,17.27437710762024,0.007002830505371094
17.27782917022705,17.286282062530518,0.008452892303466797
17.300071001052856,17.305570125579834,0.005499124526977539
17.309303045272827,17.31549906730652,0.006196022033691406
17.318949222564697,17.329613208770752,0.010663986206054688
17.32797908782959,17.33214020729065,0.00416111946105957
17.349868059158325,17.354230165481567,0.0043621063232421875
17.35916495323181,17.361743211746216,0.002578258514404297
17.3682062625885,17.373886108398438,0.0056798458099365234
17.377246141433716,17.385197162628174,0.007951021194458008
17.40061902999878,17.40355896949768,0.002939939498901367
17.408526182174683,17.41653299331665,0.008006811141967773
17.41792321205139,17.424705028533936,0.006781816482543945
17.42823314666748,17.435096263885498,0.006863117218017578
17.44873023033142,17.456507921218872,0.007777690887451172
17.457881212234497,17.464299201965332,0.006417989730834961
17.467961311340332,17.474531173706055,0.006569862365722656
17.478140115737915,17.484241008758545,0.006100893020629883
17.50029492378235,17.503807067871094,0.003512144088745117
17.509396076202393,17.51510715484619,0.005711078643798828
17.518341302871704,17.523157119750977,0.004815816879272461
17.528942108154297,17.535845279693604,0.006903171539306641
17.550028085708618,17.55384612083435,0.003818035125732422
17.558293104171753,17.563860177993774,0.005567073822021484
17.568992137908936,17.576264142990112,0.007272005081176758
17.57855224609375,17.585390090942383,0.0068378448486328125
17.60016918182373,17.60767412185669,0.007504940032958984
17.609512090682983,17.614850282669067,0.005338191986083984
17.61823010444641,17.626511335372925,0.008281230926513672
17.628855228424072,17.631885290145874,0.003030061721801758
17.64979314804077,17.65810203552246,0.008308887481689453
17.659260034561157,17.665005207061768,0.0057451725006103516
17.668415069580078,17.677510976791382,0.009095907211303711
17.677814245224,17.68359923362732,0.0057849884033203125
17.700162172317505,17.707532167434692,0.0073699951171875
17.70912528038025,17.715800285339355,0.006675004959106445
17.718916177749634,17.725479125976562,0.006562948226928711
17.72778606414795,17.73403024673462,0.006244182586669922
17.749722957611084,17.75261116027832,0.002888202667236328
17.758322954177856,17.766590118408203,0.00826716423034668
17.767863273620605,17.775475025177002,0.007611751556396484
17.778162002563477,17.784168004989624,0.006006002426147461
17.800100326538086,17.80633807182312,0.00623774528503418
17.808824062347412,17.814329147338867,0.005505084991455078
17.818551063537598,17.82535195350647,0.00680088996887207
17.827993154525757,17.835246086120605,0.007252931594848633
17.849903106689453,17.863134145736694,0.013231039047241211
17.859211206436157,17.864686250686646,0.005475044250488281
17.86830711364746,17.87200427055359,0.0036971569061279297
17.877581119537354,17.88647723197937,0.008896112442016602
17.89975929260254,17.906107902526855,0.006348609924316406
17.9085750579834,17.91291618347168,0.00434112548828125
17.91813898086548,17.922320127487183,0.0041811466217041016
17.927671194076538,17.934697151184082,0.007025957107543945
17.95042109489441,17.958121061325073,0.0076999664306640625
17.95915699005127,17.961797952651978,0.002640962600708008
17.96789813041687,17.97579598426819,0.00789785385131836
17.978551149368286,17.98408818244934,0.0055370330810546875
18.00049901008606,18.007490158081055,0.006991147994995117
18.00941014289856,18.013941049575806,0.004530906677246094
18.017786264419556,18.024713039398193,0.006926774978637695
18.02818202972412,18.034826040267944,0.006644010543823242
18.048856258392334,18.0527241230011,0.0038678646087646484
18.058788299560547,18.06479501724243,0.006006717681884766
18.068048238754272,18.074105262756348,0.006057024002075195
18.078493118286133,18.083882093429565,0.005388975143432617
18.099939107894897,18.108004093170166,0.008064985275268555
18.110751152038574,18.11927604675293,0.008524894714355469
18.11869502067566,18.122490882873535,0.0037958621978759766
18.128926992416382,18.13147497177124,0.0025479793548583984
18.149797916412354,18.156936168670654,0.007138252258300781
18.158453226089478,18.16753911972046,0.009085893630981445
18.16898012161255,18.175493955612183,0.006513833999633789
18.177842140197754,18.18540120124817,0.007559061050415039
18.200310230255127,18.212549209594727,0.01223897933959961
18.209538221359253,18.21845006942749,0.008911848068237305
18.218542098999023,18.225394010543823,0.006851911544799805
18.228077173233032,18.235403060913086,0.007325887680053711
18.24996519088745,18.254897117614746,0.004931926727294922
18.25895404815674,18.266658067703247,0.007704019546508789
18.268879175186157,18.281813144683838,0.012933969497680664
18.278688192367554,18.287559032440186,0.008870840072631836
18.299670219421387,18.307024240493774,0.007354021072387695
18.30908226966858,18.317838191986084,0.008755922317504883
18.318175077438354,18.321084022521973,0.002908945083618164
18.328320026397705,18.334015130996704,0.0056951045989990234
18.349282264709473,18.356230974197388,0.006948709487915039
18.358204126358032,18.36522603034973,0.007021903991699219
18.367480278015137,18.37375020980835,0.006269931793212891
18.377746105194092,18.384422063827515,0.0066759586334228516
18.400677919387817,18.41511607170105,0.014438152313232422
18.409579038619995,18.416844129562378,0.0072650909423828125
18.418089151382446,18.425955295562744,0.007866144180297852
18.428306102752686,18.438951015472412,0.010644912719726562
18.449074029922485,18.453516244888306,0.0044422149658203125
18.459187030792236,18.465327978134155,0.006140947341918945
18.468717098236084,18.475524187088013,0.006807088851928711
18.478158235549927,18.483606100082397,0.005447864532470703
18.499608278274536,18.5071439743042,0.007535696029663086
18.50949001312256,18.514281034469604,0.0047910213470458984
18.518798112869263,18.524601221084595,0.005803108215332031
18.52876305580139,18.535701036453247,0.006937980651855469
18.549402236938477,18.561580181121826,0.01217794418334961
18.55923104286194,18.563843250274658,0.0046122074127197266
18.567533254623413,18.573240280151367,0.0057070255279541016
18.577851057052612,18.58210015296936,0.004249095916748047
18.599878072738647,18.60306692123413,0.0031888484954833984
18.60873508453369,18.612828016281128,0.0040929317474365234
18.621199131011963,18.625471115112305,0.004271984100341797
18.628154277801514,18.634050130844116,0.005895853042602539
18.650153160095215,18.65886902809143,0.00871586799621582
18.658392190933228,18.662675142288208,0.004282951354980469
18.668030977249146,18.674796104431152,0.006765127182006836
18.67830204963684,18.68304204940796,0.004739999771118164
18.700688362121582,18.70697021484375,0.006281852722167969
18.70816421508789,18.71369504928589,0.005530834197998047
18.720041036605835,18.72557806968689,0.0055370330810546875
18.727919101715088,18.73159098625183,0.003671884536743164
18.749940156936646,18.75437021255493,0.004430055618286133
18.758821964263916,18.763021230697632,0.00419926643371582
18.768549919128418,18.776292324066162,0.007742404937744141
18.780094146728516,18.791972160339355,0.011878013610839844
18.800340175628662,18.80879807472229,0.00845789909362793
18.80843210220337,18.81502389907837,0.006591796875
18.818115234375,18.825651168823242,0.0075359344482421875
18.82780122756958,18.834180116653442,0.006378889083862305
18.850669145584106,18.858904123306274,0.008234977722167969
18.85850715637207,18.868197202682495,0.009690046310424805
18.8678879737854,18.870721101760864,0.002833127975463867
18.87853217124939,18.88817596435547,0.009643793106079102
18.899895191192627,18.906902074813843,0.00700688362121582
18.9093599319458,18.91428303718567,0.004923105239868164
18.917537212371826,18.921420097351074,0.003882884979248047
18.92787218093872,18.9324049949646,0.004532814025878906
18.950430154800415,18.963081121444702,0.01265096664428711
18.958718061447144,18.963057041168213,0.004338979721069336
18.969116926193237,18.973327159881592,0.004210233688354492
18.979002237319946,18.983028173446655,0.004025936126708984
19.000502109527588,19.004049062728882,0.0035469532012939453
19.00874614715576,19.015226125717163,0.006479978561401367
19.018565893173218,19.024400234222412,0.005834341049194336
19.028298139572144,19.03651523590088,0.008217096328735352
19.050193071365356,19.0638370513916,0.013643980026245117
19.058531284332275,19.067466020584106,0.008934736251831055
19.06863808631897,19.074814081192017,0.006175994873046875
19.07835817337036,19.08501100540161,0.00665283203125
19.099640130996704,19.109652996063232,0.01001286506652832
19.10839605331421,19.11502695083618,0.006630897521972656
19.11844515800476,19.124653100967407,0.006207942962646484
19.12727928161621,19.136168003082275,0.008888721466064453
19.150050163269043,19.154266119003296,0.00421595573425293
19.159321308135986,19.163923978805542,0.004602670669555664
19.16839623451233,19.17568016052246,0.007283926010131836
19.178131103515625,19.183605194091797,0.005474090576171875
19.200544118881226,19.20649814605713,0.00595402717590332
19.208189010620117,19.215358018875122,0.007169008255004883
19.219062089920044,19.225109100341797,0.00604701042175293
19.228771209716797,19.234419107437134,0.005647897720336914
19.250232219696045,19.255141258239746,0.004909038543701172
19.257970094680786,19.26505398750305,0.007083892822265625
19.268105030059814,19.273539304733276,0.005434274673461914
19.278040170669556,19.29098916053772,0.012948989868164062
19.30025815963745,19.307822227478027,0.007564067840576172
19.30903720855713,19.312045097351074,0.0030078887939453125
19.318762063980103,19.32573127746582,0.0069692134857177734
19.328755140304565,19.33815622329712,0.009401082992553711
19.35014820098877,19.355408906936646,0.0052607059478759766
19.35947012901306,19.36722207069397,0.007751941680908203
19.368910312652588,19.378966093063354,0.010055780410766602
19.377801179885864,19.38532304763794,0.007521867752075195
19.400734186172485,19.40802001953125,0.0072858333587646484
19.409214973449707,19.415075302124023,0.005860328674316406
19.41870427131653,19.424630165100098,0.005925893783569336
19.42798113822937,19.436057090759277,0.008075952529907227
19.449491024017334,19.453903198242188,0.004412174224853516
19.459030151367188,19.465967893600464,0.006937742233276367
19.46839928627014,19.471257209777832,0.0028579235076904297
19.478905200958252,19.48835015296936,0.009444952011108398
19.499440908432007,19.506937265396118,0.007496356964111328
19.50808310508728,19.515676975250244,0.007593870162963867
19.51798105239868,19.52543592453003,0.007454872131347656
19.52782416343689,19.53403401374817,0.006209850311279297
19.549822092056274,19.55618906021118,0.0063669681549072266
19.55881929397583,19.565218210220337,0.006398916244506836
19.568687200546265,19.579586267471313,0.010899066925048828
19.57754397392273,19.58305811882019,0.0055141448974609375
19.600499153137207,19.60638117790222,0.0058820247650146484
19.608808994293213,19.615811109542847,0.007002115249633789
19.618221282958984,19.62352418899536,0.005302906036376953
19.627490282058716,19.636080980300903,0.0085906982421875
19.651607275009155,19.659284114837646,0.007676839828491211
19.65934109687805,19.665285348892212,0.005944252014160156
19.668752193450928,19.676308155059814,0.007555961608886719
19.678393125534058,19.68661117553711,0.008218050003051758
19.700101137161255,19.713520050048828,0.013418912887573242
19.711138248443604,19.718822956085205,0.0076847076416015625
19.71903920173645,19.72814917564392,0.009109973907470703
19.727396249771118,19.73537015914917,0.007973909378051758
19.749163150787354,19.752092123031616,0.0029289722442626953
19.75906014442444,19.765376091003418,0.006315946578979492
19.76785707473755,19.782169103622437,0.014312028884887695
19.77872896194458,19.785649061203003,0.0069200992584228516
19.79941415786743,19.809340953826904,0.009926795959472656
19.809531927108765,19.815694093704224,0.006162166595458984
19.818530082702637,19.82766604423523,0.009135961532592773
19.82838201522827,19.831326007843018,0.0029439926147460938
19.849728107452393,19.857823133468628,0.008095026016235352
19.858705043792725,19.866785049438477,0.008080005645751953
19.86795401573181,19.876890897750854,0.008936882019042969
19.878414154052734,19.883241176605225,0.004827022552490234
19.900419235229492,19.905153036117554,0.0047338008880615234
19.90879225730896,19.915494918823242,0.0067026615142822266
19.919042110443115,19.924554109573364,0.0055119991302490234
19.92820906639099,19.935805082321167,0.007596015930175781
19.949542999267578,19.955039024353027,0.005496025085449219
19.95868706703186,19.965036153793335,0.006349086761474609
19.96828007698059,19.975236177444458,0.0069561004638671875
19.977383136749268,19.98378610610962,0.0064029693603515625
20.000359058380127,20.005922079086304,0.005563020706176758
20.009541988372803,20.017664194107056,0.00812220573425293
20.017492055892944,20.023333311080933,0.005841255187988281
20.030485153198242,20.041479110717773,0.01099395751953125
20.050397157669067,20.054150104522705,0.0037529468536376953
20.05911421775818,20.062056064605713,0.0029418468475341797
20.0682430267334,20.075085163116455,0.006842136383056641
20.078724145889282,20.083686113357544,0.004961967468261719
20.100348949432373,20.105313062667847,0.004964113235473633
20.108833074569702,20.11529016494751,0.006457090377807617
20.11838126182556,20.127930164337158,0.00954890251159668
20.128754138946533,20.134821891784668,0.006067752838134766
20.1496741771698,20.15692114830017,0.007246971130371094
20.159764051437378,20.169653177261353,0.00988912582397461
20.168188095092773,20.172516107559204,0.004328012466430664
20.17711901664734,20.18331813812256,0.0061991214752197266
20.20155906677246,20.206570148468018,0.005011081695556641
20.208271265029907,20.214131116867065,0.005859851837158203
20.21872329711914,20.2245090007782,0.005785703659057617
20.22884726524353,20.232768058776855,0.003920793533325195
20.249897003173828,20.255184173583984,0.00528717041015625
20.258862257003784,20.26620125770569,0.007339000701904297
20.268805265426636,20.27448606491089,0.00568079948425293
20.278585195541382,20.28501319885254,0.0064280033111572266
20.300512075424194,20.3046932220459,0.0041811466217041016
20.309429168701172,20.31651997566223,0.00709080696105957
20.317867040634155,20.325490951538086,0.007623910903930664
20.327964067459106,20.335122108459473,0.007158041000366211
20.350598096847534,20.356382131576538,0.005784034729003906
20.35862708091736,20.368199110031128,0.009572029113769531
20.369002103805542,20.37541103363037,0.0064089298248291016
20.378844022750854,20.383177995681763,0.004333972930908203
20.400097131729126,20.405055046081543,0.004957914352416992
20.40884304046631,20.415098905563354,0.0062558650970458984
20.417984008789062,20.425554037094116,0.007570028305053711
20.42795705795288,20.43408703804016,0.0061299800872802734
20.450566053390503,20.457829236984253,0.00726318359375
20.459193229675293,20.463988065719604,0.0047948360443115234
20.468953132629395,20.474521160125732,0.005568027496337891
20.478389024734497,20.485403060913086,0.007014036178588867
20.499589920043945,20.509319067001343,0.009729146957397461
20.509695053100586,20.51488709449768,0.0051920413970947266
20.518311977386475,20.52626323699951,0.00795125961303711
20.528648138046265,20.543601036071777,0.014952898025512695
20.550177097320557,20.555201053619385,0.005023956298828125
20.559288263320923,20.565665245056152,0.006376981735229492
20.568195104599,20.572116136550903,0.003921031951904297
20.579262018203735,20.590915203094482,0.01165318489074707
20.600430250167847,20.607351064682007,0.006920814514160156
20.609092235565186,20.61732506752014,0.008232831954956055
20.618545055389404,20.62537908554077,0.0068340301513671875
20.627963066101074,20.63576602935791,0.0078029632568359375
20.649562120437622,20.652883052825928,0.003320932388305664
20.658735275268555,20.673208236694336,0.01447296142578125
20.668435096740723,20.67713212966919,0.008697032928466797
20.67834711074829,20.689805269241333,0.011458158493041992
20.700277090072632,20.707428216934204,0.007151126861572266
20.70914316177368,20.713948011398315,0.004804849624633789
20.71808409690857,20.721991062164307,0.003906965255737305
20.72820520401001,20.734222173690796,0.006016969680786133
20.75046730041504,20.758424282073975,0.007956981658935547
20.758588075637817,20.762745141983032,0.004157066345214844
20.767627239227295,20.774786233901978,0.007158994674682617
20.778512954711914,20.783380031585693,0.004867076873779297
20.800262928009033,20.80728316307068,0.007020235061645508
20.809463262557983,20.814102172851562,0.0046389102935791016
20.81886601448059,20.824627161026,0.005761146545410156
20.828525066375732,20.837611198425293,0.009086132049560547
20.85033106803894,20.855868101119995,0.0055370330810546875
20.858066082000732,20.861101150512695,0.0030350685119628906
20.8682701587677,20.874524116516113,0.006253957748413086
20.877893924713135,20.88403010368347,0.006136178970336914
20.90013599395752,20.905529260635376,0.005393266677856445
20.909119129180908,20.916128158569336,0.007009029388427734
20.918639183044434,20.923830032348633,0.005190849304199219
20.927515029907227,20.932321071624756,0.004806041717529297
20.94982933998108,20.955615043640137,0.005785703659057617
20.95958924293518,20.96743416786194,0.007844924926757812
20.967801094055176,20.98290705680847,0.015105962753295898
20.97864818572998,20.986203908920288,0.007555723190307617
21.00025725364685,21.007681131362915,0.007423877716064453
21.009360313415527,21.01596713066101,0.0066068172454833984
21.018185138702393,21.026198148727417,0.008013010025024414
21.02811598777771,21.035048007965088,0.00693202018737793
21.05199432373047,21.063945055007935,0.01195073127746582
21.05843424797058,21.066020250320435,0.007586002349853516
21.06842803955078,21.0751850605011,0.006757020950317383
21.07845115661621,21.08535099029541,0.006899833679199219
21.099781274795532,21.107354879379272,0.007573604583740234
21.108281135559082,21.115386962890625,0.007105827331542969
21.117752075195312,21.121952056884766,0.004199981689453125
21.127248287200928,21.131408214569092,0.0041599273681640625
21.153255939483643,21.16274619102478,0.009490251541137695
21.159780263900757,21.167443990707397,0.007663726806640625
21.16882634162903,21.17978024482727,0.010953903198242188
21.178763151168823,21.18639898300171,0.007635831832885742
21.200268030166626,21.204199075698853,0.0039310455322265625
21.209180116653442,21.216804265975952,0.007624149322509766
21.219247102737427,21.2262122631073,0.006965160369873047
21.22814702987671,21.233846187591553,0.00569915771484375
21.249961137771606,21.2556631565094,0.005702018737792969
21.26083993911743,21.27450203895569,0.013662099838256836
21.268548250198364,21.274497032165527,0.005948781967163086
21.27825689315796,21.28328514099121,0.005028247833251953
21.300090312957764,21.306926250457764,0.0068359375
21.30853509902954,21.315463066101074,0.006927967071533203
21.317995071411133,21.325371980667114,0.007376909255981445
21.328047275543213,21.3334641456604,0.0054168701171875
21.35434126853943,21.364214181900024,0.009872913360595703
21.358789205551147,21.36556911468506,0.006779909133911133
21.368266105651855,21.375277280807495,0.0070111751556396484
21.378857135772705,21.383749961853027,0.004892826080322266
21.399768114089966,21.40524125099182,0.005473136901855469
21.40824604034424,21.415075302124023,0.006829261779785156
21.418620109558105,21.423825979232788,0.005205869674682617
21.429067134857178,21.43442416191101,0.005357027053833008
21.450454235076904,21.458450078964233,0.007995843887329102
21.458283185958862,21.46381115913391,0.005527973175048828
21.4689040184021,21.476104021072388,0.007200002670288086
21.478588104248047,21.48589015007019,0.007302045822143555
21.4998140335083,21.507957220077515,0.008143186569213867
21.508920192718506,21.516839027404785,0.007918834686279297
21.518255949020386,21.522968292236328,0.004712343215942383
21.52828812599182,21.534512996673584,0.006224870681762695
21.549926042556763,21.554227113723755,0.0043010711669921875
21.558377981185913,21.565620183944702,0.0072422027587890625
21.56794810295105,21.57466721534729,0.006719112396240234
21.57850408554077,21.584814310073853,0.006310224533081055
21.599650144577026,21.604624271392822,0.0049741268157958984
21.60819911956787,21.614387035369873,0.006187915802001953
21.619226932525635,21.625548124313354,0.0063211917877197266
21.628231048583984,21.633408069610596,0.005177021026611328
21.650323152542114,21.656392097473145,0.0060689449310302734
21.65899920463562,21.666783094406128,0.0077838897705078125
21.667515993118286,21.673505067825317,0.00598907470703125
21.6784451007843,21.684738159179688,0.006293058395385742
21.699770212173462,21.703644037246704,0.0038738250732421875
21.709485054016113,21.715131998062134,0.005646944046020508
21.719081163406372,21.73028302192688,0.011201858520507812
21.728726148605347,21.735568284988403,0.006842136383056641
21.750288248062134,21.75413417816162,0.0038459300994873047
21.75934410095215,21.77082133293152,0.011477231979370117
21.76912212371826,21.774527072906494,0.005404949188232422
21.778266191482544,21.786434173583984,0.00816798210144043
21.800645351409912,21.807228088378906,0.006582736968994141
21.80927801132202,21.816668033599854,0.007390022277832031
21.818032026290894,21.82212209701538,0.004090070724487305
21.8285710811615,21.83422017097473,0.005649089813232422
21.850693225860596,21.859435081481934,0.00874185562133789
21.858525037765503,21.864452123641968,0.005927085876464844
21.868420124053955,21.87408423423767,0.00566411018371582
21.878733158111572,21.885717153549194,0.00698399543762207
21.899789094924927,21.90937089920044,0.009581804275512695
21.90802812576294,21.91287398338318,0.004845857620239258
21.918483018875122,21.9252769947052,0.006793975830078125
21.928068161010742,21.935060024261475,0.006991863250732422
21.94985604286194,21.964492082595825,0.014636039733886719
21.961125135421753,21.97266697883606,0.01154184341430664
21.968307971954346,21.973670959472656,0.005362987518310547
21.978164196014404,21.983787059783936,0.00562286376953125
22.00017213821411,22.003838062286377,0.003665924072265625
22.008851051330566,22.013328313827515,0.004477262496948242
22.018940925598145,22.02509331703186,0.00615239143371582
22.027903079986572,22.03559923171997,0.0076961517333984375
22.049646139144897,22.059046030044556,0.009399890899658203
22.059673309326172,22.065021991729736,0.005348682403564453
22.06762409210205,22.07595205307007,0.008327960968017578
22.07823610305786,22.08756422996521,0.009328126907348633
22.10039520263672,22.1060791015625,0.00568389892578125
22.108765125274658,22.117258071899414,0.00849294662475586
22.118754148483276,22.123319149017334,0.004565000534057617
22.13128924369812,22.1394681930542,0.008178949356079102
22.150320053100586,22.158255338668823,0.007935285568237305
22.162039041519165,22.171689987182617,0.009650945663452148
22.168554067611694,22.1756272315979,0.007073163986206055
22.17882013320923,22.186646223068237,0.007826089859008789
22.199969053268433,22.21146512031555,0.01149606704711914
22.20939302444458,22.219045162200928,0.009652137756347656
22.21841526031494,22.223352193832397,0.004936933517456055
22.229180097579956,22.234538078308105,0.005357980728149414
22.24923610687256,22.25772213935852,0.008486032485961914
22.25937533378601,22.269753217697144,0.010377883911132812
22.268675088882446,22.276490211486816,0.007815122604370117
22.278860092163086,22.289791107177734,0.010931015014648438
22.2999849319458,22.306340217590332,0.00635528564453125
22.3092041015625,22.31214427947998,0.0029401779174804688
22.319008111953735,22.325483083724976,0.006474971771240234
22.3280930519104,22.33487606048584,0.006783008575439453
22.349902153015137,22.35573101043701,0.005828857421875
22.359461307525635,22.365318059921265,0.005856752395629883
22.367876291275024,22.37347102165222,0.005594730377197266
22.38238024711609,22.39245915412903,0.010078907012939453
22.400206089019775,22.404677152633667,0.0044710636138916016
22.40951108932495,22.417054176330566,0.007543087005615234
22.419305086135864,22.426471948623657,0.007166862487792969
22.42791199684143,22.434354066848755,0.006442070007324219
22.450437307357788,22.455048084259033,0.004610776901245117
22.458872079849243,22.466352939605713,0.0074808597564697266
22.46868896484375,22.47832727432251,0.009638309478759766
22.478538036346436,22.486160278320312,0.007622241973876953
22.50045394897461,22.5067400932312,0.006286144256591797
22.509823083877563,22.520167112350464,0.01034402847290039
22.520146131515503,22.526294231414795,0.006148099899291992
22.52786898612976,22.53609609603882,0.008227109909057617
22.54948616027832,22.556607007980347,0.007120847702026367
22.558522939682007,22.567283153533936,0.008760213851928711
22.568799018859863,22.575401067733765,0.006602048873901367
22.578526973724365,22.587968111038208,0.009441137313842773
22.600059032440186,22.605279207229614,0.005220174789428711
22.60890293121338,22.616251945495605,0.0073490142822265625
22.618916273117065,22.628207206726074,0.009290933609008789
22.628353118896484,22.634181261062622,0.005828142166137695
22.650243282318115,22.658252239227295,0.008008956909179688
22.65974998474121,22.66600513458252,0.006255149841308594
22.668630123138428,22.67633605003357,0.0077059268951416016
22.68045210838318,22.689653158187866,0.0092010498046875
22.699644088745117,22.703963041305542,0.004318952560424805
22.708320140838623,22.715099096298218,0.0067789554595947266
22.71795630455017,22.727192163467407,0.009235858917236328
22.72806715965271,22.73446011543274,0.006392955780029297
22.74937415122986,22.755815029144287,0.006440877914428711
22.75936007499695,22.76404309272766,0.004683017730712891
22.76884889602661,22.783305168151855,0.01445627212524414
22.783331155776978,22.791203260421753,0.00787210464477539
22.800448179244995,22.807757139205933,0.0073089599609375
22.809446096420288,22.81999897956848,0.01055288314819336
22.819245100021362,22.82560420036316,0.006359100341796875
22.82813596725464,22.835447072982788,0.007311105728149414
22.84970498085022,22.85680317878723,0.007098197937011719
22.85961413383484,22.867703199386597,0.008089065551757812
22.869029998779297,22.875288248062134,0.006258249282836914
22.879002332687378,22.885186195373535,0.0061838626861572266
22.90020513534546,22.91663122177124,0.01642608642578125
22.911322116851807,22.923784971237183,0.012462854385375977
22.91850709915161,22.926512956619263,0.008005857467651367
22.92828392982483,22.93595814704895,0.007674217224121094
22.949880123138428,22.95685911178589,0.0069789886474609375
22.95924997329712,22.96613311767578,0.006883144378662109
22.968867301940918,22.975030183792114,0.006162881851196289
22.977641105651855,22.98539710044861,0.00775599479675293
22.99991726875305,23.008512020111084,0.008594751358032227
23.00853419303894,23.013347148895264,0.004812955856323242
23.01714015007019,23.025840997695923,0.008700847625732422
23.02844500541687,23.03421401977539,0.005769014358520508
23.049792051315308,23.058512926101685,0.008720874786376953
23.05903697013855,23.064473152160645,0.0054361820220947266
23.06889820098877,23.07815194129944,0.009253740310668945
23.078351259231567,23.082343101501465,0.003991842269897461
23.09974217414856,23.106512308120728,0.006770133972167969
23.10957407951355,23.117871284484863,0.008297204971313477
23.11798095703125,23.12882423400879,0.010843276977539062
23.129058122634888,23.139292001724243,0.010233879089355469
23.150050163269043,23.15752601623535,0.007475852966308594
23.158430099487305,23.164698123931885,0.006268024444580078
23.1680269241333,23.174774169921875,0.006747245788574219
23.181185245513916,23.19340705871582,0.012221813201904297
23.199088096618652,23.204764127731323,0.0056760311126708984
23.208301067352295,23.214599132537842,0.006298065185546875
23.218071222305298,23.22666907310486,0.008597850799560547
23.22764301300049,23.231003046035767,0.0033600330352783203
23.24995994567871,23.25750422477722,0.007544279098510742
23.25836706161499,23.261669158935547,0.0033020973205566406
23.267606019973755,23.27583599090576,0.008229970932006836
23.277987241744995,23.2847740650177,0.006786823272705078
23.2992262840271,23.30609703063965,0.006870746612548828
23.30953097343445,23.31692600250244,0.007395029067993164
23.318987131118774,23.33425998687744,0.015272855758666992
23.327332258224487,23.334245204925537,0.006912946701049805
23.350459098815918,23.35684323310852,0.006384134292602539
23.35877299308777,23.36362314224243,0.004850149154663086
23.368942260742188,23.37521004676819,0.0062677860260009766
23.378465175628662,23.38639211654663,0.00792694091796875
23.399976015090942,23.40278196334839,0.002805948257446289
23.409265995025635,23.4136700630188,0.0044040679931640625
23.41830611228943,23.423091173171997,0.004785060882568359
23.42865514755249,23.436086177825928,0.0074310302734375
23.45161199569702,23.46389627456665,0.012284278869628906
23.458816051483154,23.46389889717102,0.005082845687866211
23.468180179595947,23.474762201309204,0.006582021713256836
23.47804307937622,23.484235048294067,0.00619196891784668
23.500094175338745,23.508301258087158,0.008207082748413086
23.50868010520935,23.5128231048584,0.0041429996490478516
23.518774032592773,23.525386095046997,0.006612062454223633
23.528806924819946,23.535502195358276,0.006695270538330078
23.551846981048584,23.561191082000732,0.009344100952148438
23.558279991149902,23.5657479763031,0.007467985153198242
23.56852912902832,23.57614493370056,0.007615804672241211
23.578522205352783,23.583166122436523,0.004643917083740234
23.60004210472107,23.605391263961792,0.005349159240722656
23.608087062835693,23.615195989608765,0.007108926773071289
23.617850303649902,23.62451410293579,0.006663799285888672
23.62764024734497,23.63309407234192,0.005453824996948242
23.64992117881775,23.6565420627594,0.006620883941650391
23.657722234725952,23.667076110839844,0.009353876113891602
23.66798710823059,23.675161123275757,0.007174015045166016
23.67745804786682,23.75923204421997,0.08177399635314941
23.699674129486084,23.77140522003174,0.0717310905456543
23.70943331718445,23.767439126968384,0.05800580978393555
23.718024015426636,23.76560115814209,0.0475771427154541
23.72864007949829,23.7674822807312,0.038842201232910156
23.750285148620605,23.771319150924683,0.02103400230407715
23.758947134017944,23.768096208572388,0.00914907455444336
23.76817512512207,23.775558948516846,0.007383823394775391
23.778146266937256,23.783175945281982,0.0050296783447265625
23.800457000732422,23.81068515777588,0.010228157043457031
23.808715105056763,23.814293146133423,0.005578041076660156
23.817723035812378,23.822946071624756,0.00522303581237793
23.827653169631958,23.830501317977905,0.0028481483459472656
23.84911322593689,23.856444120407104,0.007330894470214844
23.859418153762817,23.86526107788086,0.005842924118041992
23.867539167404175,23.875757217407227,0.008218050003051758
23.878618240356445,23.883843183517456,0.005224943161010742
23.899656057357788,23.90568208694458,0.006026029586791992
23.90944218635559,23.921125888824463,0.01168370246887207
23.918480157852173,23.926620960235596,0.008140802383422852
23.928057193756104,23.9343740940094,0.0063169002532958984
23.948997259140015,23.952128171920776,0.0031309127807617188
23.958235025405884,23.966148138046265,0.00791311264038086
23.968647003173828,23.97694706916809,0.008300065994262695
23.97814917564392,23.98547101020813,0.007321834564208984
23.999891996383667,24.004635095596313,0.004743099212646484
24.009316205978394,24.017282247543335,0.007966041564941406
24.018453121185303,24.02622389793396,0.0077707767486572266
24.02734899520874,24.03503918647766,0.0076901912689208984
24.04980206489563,24.056856155395508,0.00705409049987793
24.058881044387817,24.065637350082397,0.006756305694580078
24.067847967147827,24.074554204940796,0.00670623779296875
24.077867031097412,24.084275007247925,0.006407976150512695
24.09986424446106,24.107248067855835,0.007383823394775391
24.10845708847046,24.116678953170776,0.008221864700317383
24.117958068847656,24.125685214996338,0.007727146148681641
24.12843132019043,24.134039163589478,0.0056078433990478516
24.15038228034973,24.15820288658142,0.007820606231689453
24.15837025642395,24.164494276046753,0.006124019622802734
24.16797924041748,24.17487120628357,0.006891965866088867
24.178246021270752,24.18303108215332,0.004785060882568359
24.20052218437195,24.209716081619263,0.009193897247314453
24.208500146865845,24.21798610687256,0.009485960006713867
24.21876096725464,24.224481105804443,0.0057201385498046875
24.22805094718933,24.236241102218628,0.008190155029296875
24.249903202056885,24.25483202934265,0.0049288272857666016
24.25956630706787,24.266831159591675,0.007264852523803711
24.268145084381104,24.27498722076416,0.006842136383056641
24.277419090270996,24.28651189804077,0.00909280776977539
24.29919695854187,24.304984092712402,0.0057871341705322266
24.307791233062744,24.3175311088562,0.009739875793457031
24.317973136901855,24.323400020599365,0.005426883697509766
24.327579975128174,24.333831071853638,0.006251096725463867
24.3501079082489,24.356307983398438,0.006200075149536133
24.35865616798401,24.36353635787964,0.004880189895629883
24.36853814125061,24.378586292266846,0.010048151016235352
24.377965211868286,24.385362148284912,0.0073969364166259766
24.39955997467041,24.408278226852417,0.008718252182006836
24.409226179122925,24.41672921180725,0.007503032684326172
24.418114185333252,24.424499034881592,0.006384849548339844
24.428252935409546,24.43469500541687,0.006442070007324219
24.44972801208496,24.455504179000854,0.005776166915893555
24.458030223846436,24.46659016609192,0.008559942245483398
24.46871829032898,24.47962713241577,0.010908842086791992
24.47800922393799,24.485776901245117,0.007767677307128906
24.50043821334839,24.507060050964355,0.006621837615966797
24.508222103118896,24.52205491065979,0.013832807540893555
24.520960092544556,24.5328152179718,0.011855125427246094
24.52884316444397,24.534484148025513,0.005640983581542969
24.54925012588501,24.555596113204956,0.006345987319946289
24.559023141860962,24.563659191131592,0.004636049270629883
24.56805992126465,24.572154998779297,0.0040950775146484375
24.578168153762817,24.583125114440918,0.004956960678100586
24.599920988082886,24.607863187789917,0.00794219970703125
24.60853409767151,24.614014148712158,0.005480051040649414
24.61834406852722,24.622864961624146,0.004520893096923828
24.627822160720825,24.635496139526367,0.007673978805541992
24.650224924087524,24.655944108963013,0.005719184875488281
24.658826112747192,24.668533086776733,0.009706974029541016
24.668615102767944,24.674528121948242,0.0059130191802978516
24.677908182144165,24.6826651096344,0.004756927490234375
24.69997811317444,24.706462144851685,0.006484031677246094
24.708885192871094,24.716431140899658,0.007545948028564453
24.718764066696167,24.724015951156616,0.005251884460449219
24.728223085403442,24.743765115737915,0.015542030334472656
24.750128030776978,24.7565860748291,0.0064580440521240234
24.757832050323486,24.767466068267822,0.009634017944335938
24.76820993423462,24.77771806716919,0.009508132934570312
24.777761220932007,24.785032987594604,0.007271766662597656
24.799755096435547,24.80858826637268,0.008833169937133789
24.81012725830078,24.815636157989502,0.005508899688720703
24.818334102630615,24.82381010055542,0.0054759979248046875
24.827973127365112,24.835129261016846,0.0071561336517333984
24.84928321838379,24.85527205467224,0.0059888362884521484
24.858610153198242,24.86530900001526,0.0066988468170166016
24.868595123291016,24.873899221420288,0.005304098129272461
24.87794518470764,24.886101007461548,0.00815582275390625
24.899773120880127,24.907900094985962,0.008126974105834961
24.909507274627686,24.91450810432434,0.0050008296966552734
24.918094158172607,24.9234299659729,0.005335807800292969
24.927953958511353,24.93250799179077,0.004554033279418945
24.950123071670532,24.952208995819092,0.0020859241485595703
24.95870018005371,24.973456144332886,0.014755964279174805
24.971747159957886,24.979907274246216,0.008160114288330078
24.978352069854736,24.983862161636353,0.005510091781616211
24.99979305267334,25.007614135742188,0.007821083068847656
25.00896906852722,25.013703107833862,0.004734039306640625
25.018351316452026,25.02556800842285,0.007216691970825195
25.028054237365723,25.034862279891968,0.006808042526245117
25.049634218215942,25.0558762550354,0.006242036819458008
25.05890417098999,25.06481409072876,0.005909919738769531
25.06839418411255,25.07486915588379,0.006474971771240234
25.07838010787964,25.08317494392395,0.0047948360443115234
25.100003242492676,25.10243797302246,0.0024347305297851562
25.109430074691772,25.118890047073364,0.009459972381591797
25.11847710609436,25.124818086624146,0.006340980529785156
25.127803087234497,25.140016078948975,0.012212991714477539
25.149919033050537,25.15384006500244,0.003921031951904297
25.15907907485962,25.16291117668152,0.003832101821899414
25.168203115463257,25.175949096679688,0.007745981216430664
25.17853021621704,25.18763017654419,0.009099960327148438
25.200380086898804,25.205451011657715,0.005070924758911133
25.208442211151123,25.21660017967224,0.008157968521118164
25.217966079711914,25.22545599937439,0.007489919662475586
25.227403163909912,25.234354972839355,0.006951808929443359
25.25051712989807,25.263416290283203,0.012899160385131836
25.259353160858154,25.26510500907898,0.005751848220825195
25.267799139022827,25.275788068771362,0.007988929748535156
25.278199195861816,25.28278613090515,0.004586935043334961
25.300032138824463,25.306275129318237,0.006242990493774414
25.309611082077026,25.31460213661194,0.004991054534912109
25.318647146224976,25.325247049331665,0.006599903106689453
25.32764720916748,25.335371017456055,0.007723808288574219
25.351248264312744,25.362885236740112,0.011636972427368164
25.358351230621338,25.36424207687378,0.005890846252441406
25.36811399459839,25.37501811981201,0.006904125213623047
25.37859010696411,25.38722014427185,0.008630037307739258
25.399901151657104,25.40511417388916,0.005213022232055664
25.408785104751587,25.418344974517822,0.009559869766235352
25.41814422607422,25.42195200920105,0.0038077831268310547
25.42829394340515,25.434303045272827,0.006009101867675781
25.449254035949707,25.457170963287354,0.007916927337646484
25.459259033203125,25.4640531539917,0.004794120788574219
25.468407154083252,25.481152057647705,0.012744903564453125
25.478028059005737,25.483922004699707,0.0058939456939697266
25.500091075897217,25.50569200515747,0.005600929260253906
25.509109020233154,25.51393222808838,0.004823207855224609
25.517915964126587,25.523442029953003,0.005526065826416016
25.52817416191101,25.535210132598877,0.007035970687866211
25.549922227859497,25.55916714668274,0.009244918823242188
25.558748960494995,25.566639184951782,0.00789022445678711
25.567880153656006,25.570932149887085,0.0030519962310791016
25.578678131103516,25.58559489250183,0.00691676139831543
25.59949016571045,25.605473041534424,0.005982875823974609
25.60894799232483,25.616992235183716,0.008044242858886719
25.618147134780884,25.62520408630371,0.0070569515228271484
25.6287682056427,25.63397526741028,0.005207061767578125
25.65005111694336,25.662693977355957,0.012642860412597656
25.661015272140503,25.665483236312866,0.004467964172363281
25.668143272399902,25.6723690032959,0.004225730895996094
25.677496194839478,25.68443512916565,0.006938934326171875
25.699883222579956,25.704966068267822,0.005082845687866211
25.70928692817688,25.714309215545654,0.005022287368774414
25.72001004219055,25.726402282714844,0.006392240524291992
25.728719234466553,25.73569416999817,0.006974935531616211
25.750375986099243,25.762360095977783,0.011984109878540039
25.759520053863525,25.768259286880493,0.008739233016967773
25.768397092819214,25.772582054138184,0.0041849613189697266
25.778841257095337,25.781898021697998,0.003056764602661133
25.800076246261597,25.804267168045044,0.004190921783447266
25.80889916419983,25.813008308410645,0.00410914421081543
25.818177223205566,25.821047067642212,0.002869844436645508
25.828688144683838,25.833686113357544,0.004997968673706055
25.850552082061768,25.856498956680298,0.0059468746185302734
25.858970165252686,25.863774061203003,0.004803895950317383
25.86867618560791,25.87376117706299,0.005084991455078125
25.878169298171997,25.89268732070923,0.014518022537231445
25.89911913871765,25.90501308441162,0.0058939456939697266
25.90807819366455,25.912317991256714,0.004239797592163086
25.91810417175293,25.924793243408203,0.0066890716552734375
25.927287101745605,25.93524408340454,0.007956981658935547
25.950184106826782,25.96128225326538,0.011098146438598633
25.958660125732422,25.96230912208557,0.003648996353149414
25.968992233276367,25.97598910331726,0.006996870040893555
25.978804111480713,25.98897695541382,0.010172843933105469
26.000607013702393,26.007046937942505,0.006439924240112305
26.00946807861328,26.026453018188477,0.016984939575195312
26.023391008377075,26.032138109207153,0.008747100830078125
26.028943300247192,26.032113075256348,0.0031697750091552734
26.049559116363525,26.05818009376526,0.008620977401733398
26.05920696258545,26.064799070358276,0.0055921077728271484
26.06896424293518,26.073655128479004,0.004690885543823242
26.078184127807617,26.082212209701538,0.0040280818939208984
26.100362062454224,26.1064031124115,0.006041049957275391
26.11344313621521,26.124027967453003,0.010584831237792969
26.118210077285767,26.124048948287964,0.005838871002197266
26.12827229499817,26.133930206298828,0.00565791130065918
26.15059208869934,26.1578471660614,0.007255077362060547
26.159045934677124,26.1644229888916,0.005377054214477539
26.168331146240234,26.175957202911377,0.007626056671142578
26.17781710624695,26.18436098098755,0.006543874740600586
26.200162172317505,26.20591711997986,0.005754947662353516
26.20901608467102,26.21535611152649,0.00634002685546875
26.217562913894653,26.226184129714966,0.0086212158203125
26.2276291847229,26.23609209060669,0.008462905883789062
26.251914024353027,26.261913299560547,0.009999275207519531
26.259124994277954,26.261948108673096,0.0028231143951416016
26.267693281173706,26.275363206863403,0.007669925689697266
26.278282165527344,26.287573099136353,0.009290933609008789
26.29986000061035,26.306337118148804,0.0064771175384521484
26.308747053146362,26.316161155700684,0.007414102554321289
26.318743228912354,26.323851108551025,0.005107879638671875
26.328731060028076,26.33583116531372,0.007100105285644531
26.35016918182373,26.352291107177734,0.0021219253540039062
26.35876202583313,26.365411281585693,0.0066492557525634766
26.36847424507141,26.373330116271973,0.0048558712005615234
26.3808650970459,26.390705108642578,0.009840011596679688
26.40023922920227,26.40639901161194,0.006159782409667969
26.408876180648804,26.414116144180298,0.005239963531494141
26.418560028076172,26.42566990852356,0.007109880447387695
26.42900824546814,26.43538212776184,0.006373882293701172
26.45125102996826,26.459607124328613,0.008356094360351562
26.45942211151123,26.467023134231567,0.007601022720336914
26.46831488609314,26.475710153579712,0.007395267486572266
26.478185176849365,26.484312295913696,0.006127119064331055
26.49987530708313,26.50604009628296,0.0061647891998291016
26.50838828086853,26.518800973892212,0.01041269302368164
26.51904535293579,26.530477285385132,0.01143193244934082
26.528269290924072,26.535606145858765,0.007336854934692383
26.549978256225586,26.554131031036377,0.004152774810791016
26.55888319015503,26.565541982650757,0.006658792495727539
26.568677186965942,26.575968027114868,0.007290840148925781
26.578590154647827,26.584898233413696,0.006308078765869141
26.600648164749146,26.60705804824829,0.006409883499145508
26.6088650226593,26.6167151927948,0.007850170135498047
26.61795997619629,26.624666929244995,0.006706953048706055
26.628323078155518,26.634281158447266,0.005958080291748047
26.649450063705444,26.65541410446167,0.005964040756225586
26.658998250961304,26.665409088134766,0.006410837173461914
26.668904066085815,26.67485022544861,0.005946159362792969
26.678346157073975,26.68398118019104,0.00563502311706543
26.699887990951538,26.70852518081665,0.008637189865112305
26.708850145339966,26.714593172073364,0.0057430267333984375
26.71815824508667,26.723374128341675,0.005215883255004883
26.727760314941406,26.73226809501648,0.004507780075073242
26.749956130981445,26.755693197250366,0.0057370662689208984
26.759181261062622,26.765744924545288,0.006563663482666016
26.768437147140503,26.77513313293457,0.006695985794067383
26.777671098709106,26.783926248550415,0.006255149841308594
26.800053119659424,26.80607318878174,0.006020069122314453
26.808784246444702,26.816463232040405,0.007678985595703125
26.8177752494812,26.8255512714386,0.007776021957397461
26.82816219329834,26.834774017333984,0.006611824035644531
26.850407123565674,26.856199979782104,0.005792856216430664
26.85856318473816,26.867345094680786,0.008781909942626953
26.86863422393799,26.873734951019287,0.005100727081298828
26.877358198165894,26.88301110267639,0.005652904510498047
26.900185108184814,26.905676126480103,0.005491018295288086
26.90966010093689,26.915929317474365,0.006269216537475586
26.91745901107788,26.925093173980713,0.007634162902832031
26.928450107574463,26.934118032455444,0.005667924880981445
26.949868202209473,26.95774006843567,0.007871866226196289
26.95924997329712,26.965331077575684,0.006081104278564453
26.96800422668457,26.973482131958008,0.0054779052734375
26.977402925491333,26.984137058258057,0.006734132766723633
27.000070095062256,27.005292177200317,0.0052220821380615234
27.00924015045166,27.01407814025879,0.004837989807128906
27.01834511756897,27.02449917793274,0.006154060363769531
27.02816414833069,27.034452199935913,0.006288051605224609
27.04951000213623,27.055216073989868,0.005706071853637695
27.05905318260193,27.065805196762085,0.00675201416015625
27.068843126296997,27.074501276016235,0.005658149719238281
27.07826519012451,27.085193157196045,0.006927967071533203
27.099934101104736,27.105525016784668,0.005590915679931641
27.108227252960205,27.116156101226807,0.007928848266601562
27.118731021881104,27.12627911567688,0.007548093795776367
27.128483295440674,27.136824131011963,0.008340835571289062
27.149790048599243,27.157159090042114,0.007369041442871094
27.158597230911255,27.168498992919922,0.009901762008666992
27.16883111000061,27.17249894142151,0.0036678314208984375
27.179002285003662,27.186661958694458,0.0076596736907958984
27.199934005737305,27.204467058181763,0.004533052444458008
27.208088159561157,27.21280002593994,0.00471186637878418
27.217286109924316,27.21981716156006,0.0025310516357421875
27.227577209472656,27.23413109779358,0.0065538883209228516
27.250733137130737,27.2557373046875,0.005004167556762695
27.258265256881714,27.265998125076294,0.007732868194580078
27.268455982208252,27.273187160491943,0.004731178283691406
27.27887797355652,27.285633087158203,0.00675511360168457
27.300085067749023,27.309319972991943,0.009234905242919922
27.308589220046997,27.31304097175598,0.004451751708984375
27.31855010986328,27.324357271194458,0.005807161331176758
27.32795810699463,27.334389209747314,0.006431102752685547
27.34910011291504,27.35189723968506,0.0027971267700195312
27.359226942062378,27.366597175598145,0.0073702335357666016
27.368488073349,27.375636100769043,0.007148027420043945
27.378575325012207,27.38402009010315,0.005444765090942383
27.400098085403442,27.40387201309204,0.003773927688598633
27.408900260925293,27.416784286499023,0.007884025573730469
27.418256998062134,27.42499017715454,0.0067331790924072266
27.42868423461914,27.433170080184937,0.0044858455657958984
27.45023488998413,27.45981216430664,0.009577274322509766
27.45914602279663,27.466654062271118,0.007508039474487305
27.469025135040283,27.473929166793823,0.004904031753540039
27.478512048721313,27.482402086257935,0.0038900375366210938
27.499605178833008,27.506221055984497,0.006615877151489258
27.508049964904785,27.517553091049194,0.00950312614440918
27.51804232597351,27.524962186813354,0.00691986083984375
27.527826070785522,27.537053108215332,0.00922703742980957
27.550600051879883,27.55665421485901,0.0060541629791259766
27.558876991271973,27.56717801094055,0.008301019668579102
27.568212032318115,27.575075149536133,0.006863117218017578
27.577720165252686,27.586002111434937,0.008281946182250977
27.599955081939697,27.60491919517517,0.004964113235473633
27.60919213294983,27.617492198944092,0.008300065994262695
27.617702960968018,27.622530221939087,0.004827260971069336
27.628554105758667,27.633411169052124,0.004857063293457031
27.649421215057373,27.656845092773438,0.007423877716064453
27.658169269561768,27.660836219787598,0.002666950225830078
27.66860818862915,27.678624153137207,0.01001596450805664
27.67823815345764,27.685274124145508,0.007035970687866211
27.700026988983154,27.704785108566284,0.004758119583129883
27.70902729034424,27.7167649269104,0.007737636566162109
27.718151092529297,27.725658893585205,0.007507801055908203
27.729169130325317,27.73427104949951,0.005101919174194336
27.750202894210815,27.75692391395569,0.006721019744873047
27.75822114944458,27.766140937805176,0.007919788360595703
27.768997192382812,27.77421498298645,0.005217790603637695
27.77812623977661,27.784460067749023,0.006333827972412109
27.80026602745056,27.805241107940674,0.004975080490112305
27.808780193328857,27.81525206565857,0.006471872329711914
27.817742109298706,27.827051162719727,0.009309053421020508
27.82850694656372,27.839632987976074,0.011126041412353516
27.85029101371765,27.863408088684082,0.013117074966430664
27.859467029571533,27.865024089813232,0.005557060241699219
27.867576122283936,27.872366189956665,0.004790067672729492
27.878087043762207,27.883880138397217,0.005793094635009766
27.900036096572876,27.905680179595947,0.005644083023071289
27.908679962158203,27.917654037475586,0.008974075317382812
27.919014930725098,27.927520036697388,0.008505105972290039
27.92828917503357,27.934975147247314,0.006685972213745117
27.949594974517822,27.958620071411133,0.009025096893310547
27.9585862159729,27.96542716026306,0.006840944290161133
27.96815013885498,27.974905252456665,0.00675511360168457
27.978271007537842,27.984934091567993,0.006663084030151367
28.00188708305359,28.0106840133667,0.008796930313110352
28.008413076400757,28.015273094177246,0.006860017776489258
28.01833724975586,28.021313190460205,0.002975940704345703
28.028379917144775,28.035840034484863,0.007460117340087891
28.04975414276123,28.053407192230225,0.0036530494689941406
28.059178113937378,28.066657066345215,0.007478952407836914
28.06801414489746,28.074939012527466,0.006924867630004883
28.078283071517944,28.085132122039795,0.006849050521850586
28.100284099578857,28.108318090438843,0.008033990859985352
28.109262228012085,28.1147940158844,0.005531787872314453
28.118407011032104,28.125599145889282,0.007192134857177734
28.128493070602417,28.139923095703125,0.011430025100708008
28.149973154067993,28.154805183410645,0.004832029342651367
28.158644199371338,28.169748067855835,0.01110386848449707
28.168841123580933,28.180769205093384,0.011928081512451172
28.178344011306763,28.186164140701294,0.00782012939453125
28.202091217041016,28.20725727081299,0.005166053771972656
28.208696126937866,28.216274976730347,0.007578849792480469
28.21820902824402,28.226357221603394,0.008148193359375
28.227832078933716,28.23341393470764,0.005581855773925781
28.25059413909912,28.257262229919434,0.0066680908203125
28.259905099868774,28.274379014968872,0.014473915100097656
28.268070936203003,28.27440118789673,0.006330251693725586
28.278398036956787,28.286222219467163,0.007824182510375977
28.2998149394989,28.303066968917847,0.0032520294189453125
28.30914306640625,28.315016984939575,0.005873918533325195
28.31817603111267,28.32353711128235,0.005361080169677734
28.327543258666992,28.336565017700195,0.009021759033203125
28.350395917892456,28.35635995864868,0.005964040756225586
28.359869956970215,28.373529195785522,0.013659238815307617
28.368152141571045,28.37352204322815,0.005369901657104492
28.37908101081848,28.38439106941223,0.00531005859375
28.400442123413086,28.40881323814392,0.008371114730834961
28.408945083618164,28.41388702392578,0.0049419403076171875
28.418111085891724,28.425860166549683,0.007749080657958984
28.427407264709473,28.434332132339478,0.006924867630004883
28.45042324066162,28.455622911453247,0.0051996707916259766
28.45909309387207,28.465931177139282,0.006838083267211914
28.46765398979187,28.47382116317749,0.006167173385620117
28.481913089752197,28.4914071559906,0.00949406623840332
28.50005006790161,28.50643014907837,0.0063800811767578125
28.50967502593994,28.51557207107544,0.005897045135498047
28.517575979232788,28.524471044540405,0.0068950653076171875
28.528791189193726,28.5377459526062,0.008954763412475586
28.551311254501343,28.556297063827515,0.004985809326171875
28.559879064559937,28.565162181854248,0.0052831172943115234
28.568881034851074,28.57445001602173,0.005568981170654297
28.578261137008667,28.5828800201416,0.00461888313293457
28.60048007965088,28.614720106124878,0.014240026473999023
28.60951519012451,28.621618032455444,0.012102842330932617
28.618098974227905,28.62164616584778,0.003547191619873047
28.628786087036133,28.63492512702942,0.006139039993286133
28.649729251861572,28.65763521194458,0.007905960083007812
28.658947229385376,28.664857149124146,0.005909919738769531
28.668873071670532,28.67446517944336,0.0055921077728271484
28.67829990386963,28.683526039123535,0.00522613525390625
28.70045804977417,28.71165108680725,0.011193037033081055
28.70930314064026,28.71727418899536,0.007971048355102539
28.718552112579346,28.725510120391846,0.0069580078125
28.728178024291992,28.735238075256348,0.007060050964355469
28.750457286834717,28.757474184036255,0.007016897201538086
28.759705305099487,28.766489267349243,0.006783962249755859
28.768507957458496,28.77478313446045,0.006275177001953125
28.778380155563354,28.786782026290894,0.008401870727539062
28.80087924003601,28.80708622932434,0.006206989288330078
28.80851411819458,28.81401824951172,0.005504131317138672
28.81921100616455,28.825167179107666,0.005956172943115234
28.82865810394287,28.836869955062866,0.008211851119995117
28.849797248840332,28.860491037368774,0.010693788528442383
28.858822107315063,28.86631202697754,0.007489919662475586
28.868678092956543,28.873476266860962,0.004798173904418945
28.878162145614624,28.88551926612854,0.007357120513916016
28.900219917297363,28.903704166412354,0.0034842491149902344
28.90886616706848,28.9150652885437,0.0061991214752197266
28.918417930603027,28.926130056381226,0.007712125778198242
28.927994966506958,28.93407917022705,0.0060842037200927734
28.950128078460693,28.95888113975525,0.008753061294555664
28.959184169769287,28.964636087417603,0.00545191764831543
28.96844720840454,28.979064226150513,0.01061701774597168
28.979273080825806,28.988733053207397,0.009459972381591797
29.000211000442505,29.007160186767578,0.006949186325073242
29.009634256362915,29.017637968063354,0.008003711700439453
29.018949270248413,29.028940200805664,0.009990930557250977
29.02754807472229,29.03634524345398,0.008797168731689453
29.050785064697266,29.06591796875,0.015132904052734375
29.061530113220215,29.069265127182007,0.007735013961791992
29.068613290786743,29.075927257537842,0.007313966751098633
29.077351093292236,29.085488080978394,0.008136987686157227
29.099397897720337,29.107155084609985,0.0077571868896484375
29.108645915985107,29.11555528640747,0.006909370422363281
29.118037223815918,29.13955307006836,0.021515846252441406
29.128807067871094,29.13954997062683,0.010742902755737305
29.150081157684326,29.159298181533813,0.009217023849487305
29.159032106399536,29.165244102478027,0.006211996078491211
29.168956995010376,29.177589178085327,0.008632183074951172
29.17896604537964,29.183515071868896,0.0045490264892578125
29.199573040008545,29.212242126464844,0.012669086456298828
29.21082615852356,29.218524932861328,0.007698774337768555
29.21822500228882,29.224658012390137,0.006433010101318359
29.22886610031128,29.23418617248535,0.005320072174072266
29.249977111816406,29.258280992507935,0.00830388069152832
29.258280038833618,29.261738061904907,0.0034580230712890625
29.26770520210266,29.27599811553955,0.008292913436889648
29.27821111679077,29.284997940063477,0.006786823272705078
29.300559282302856,29.307993173599243,0.007433891296386719
29.308602333068848,29.31427311897278,0.005670785903930664
29.318040132522583,29.32592010498047,0.007879972457885742
29.32792091369629,29.33427906036377,0.006358146667480469
29.35001516342163,29.35783314704895,0.007817983627319336
29.3590030670166,29.36131525039673,0.002312183380126953
29.369047164916992,29.376225233078003,0.007178068161010742
29.378372192382812,29.384794235229492,0.0064220428466796875
29.39991807937622,29.407073259353638,0.007155179977416992
29.408359050750732,29.417879104614258,0.00952005386352539
29.41831922531128,29.424845218658447,0.006525993347167969
29.42715811729431,29.435299158096313,0.008141040802001953
29.45024013519287,29.45819115638733,0.007951021194458008
29.460630178451538,29.46572494506836,0.005094766616821289
29.46803116798401,29.47577929496765,0.007748126983642578
29.478638172149658,29.484529972076416,0.0058917999267578125
29.500123023986816,29.508308172225952,0.008185148239135742
29.508148193359375,29.51405119895935,0.005903005599975586
29.517564058303833,29.52491307258606,0.0073490142822265625
29.52834701538086,29.53303623199463,0.004689216613769531
29.549899101257324,29.55411720275879,0.004218101501464844
29.558693170547485,29.564479112625122,0.005785942077636719
29.568255186080933,29.58577013015747,0.017514944076538086
29.579743146896362,29.590578079223633,0.010834932327270508
29.6002299785614,29.60701012611389,0.006780147552490234
29.608144283294678,29.618362188339233,0.010217905044555664
29.618446111679077,29.624027013778687,0.005580902099609375
29.62794017791748,29.631959199905396,0.004019021987915039
29.64992904663086,29.654646158218384,0.004717111587524414
29.65861201286316,29.66571617126465,0.007104158401489258
29.669970989227295,29.681164264678955,0.011193275451660156
29.678311109542847,29.68486714363098,0.006556034088134766
29.69989013671875,29.703579902648926,0.0036897659301757812
29.709498167037964,29.71501326560974,0.005515098571777344
29.718318223953247,29.7255802154541,0.007261991500854492
29.728053092956543,29.733397006988525,0.005343914031982422
29.750274181365967,29.757121086120605,0.006846904754638672
29.75949716567993,29.768506288528442,0.009009122848510742
29.76866626739502,29.776314973831177,0.0076487064361572266
29.777815103530884,29.782251119613647,0.004436016082763672
29.79946804046631,29.80540704727173,0.005939006805419922
29.80881905555725,29.812968969345093,0.004149913787841797
29.817646265029907,29.822315216064453,0.0046689510345458984
29.82710313796997,29.831218957901,0.0041158199310302734
29.85051703453064,29.856430292129517,0.005913257598876953
29.858996152877808,29.868402004241943,0.009405851364135742
29.868420124053955,29.874361276626587,0.005941152572631836
29.878358125686646,29.8821382522583,0.0037801265716552734
29.89988613128662,29.904064178466797,0.004178047180175781
29.90875220298767,29.9223210811615,0.013568878173828125
29.918508052825928,29.923726081848145,0.005218029022216797
29.92865514755249,29.93462300300598,0.005967855453491211
29.94927430152893,29.957548141479492,0.008273839950561523
29.95875120162964,29.963093042373657,0.004341840744018555
29.968199014663696,29.974714994430542,0.006515979766845703
29.977078199386597,29.98420000076294,0.0071218013763427734
30.000005960464478,30.011898279190063,0.011892318725585938
30.008403062820435,30.01657199859619,0.008168935775756836
30.018359184265137,30.02278208732605,0.004422903060913086
30.02778911590576,30.030864238739014,0.003075122833251953
30.050312995910645,30.055930137634277,0.0056171417236328125
30.058667182922363,30.066408157348633,0.007740974426269531
30.068557262420654,30.076200008392334,0.0076427459716796875
30.078574180603027,30.084992170333862,0.006417989730834961
30.10331392288208,30.10992693901062,0.006613016128540039
30.108009099960327,30.113290071487427,0.005280971527099609
30.118077993392944,30.125516176223755,0.007438182830810547
30.12778401374817,30.132498025894165,0.004714012145996094
30.149852991104126,30.156169176101685,0.006316184997558594
30.15936017036438,30.16411805152893,0.004757881164550781
30.16749334335327,30.173771142959595,0.006277799606323242
30.181607007980347,30.189640998840332,0.008033990859985352
30.20039200782776,30.204366207122803,0.003974199295043945
30.208970069885254,30.216753005981445,0.007782936096191406
30.217883110046387,30.2234890460968,0.005605936050415039
30.227423191070557,30.23194193840027,0.004518747329711914
30.249510049819946,30.25924801826477,0.009737968444824219
30.258870124816895,30.262039184570312,0.0031690597534179688
30.267914056777954,30.27449107170105,0.006577014923095703
30.27819299697876,30.285067081451416,0.00687408447265625
30.300357341766357,30.304240942001343,0.0038836002349853516
30.30924129486084,30.314377069473267,0.005135774612426758
30.318352222442627,30.32627010345459,0.00791788101196289
30.327460289001465,30.335453987121582,0.007993698120117188
30.350179195404053,30.357295989990234,0.007116794586181641
30.358445167541504,30.367578268051147,0.009133100509643555
30.367215871810913,30.370867013931274,0.003651142120361328
30.37800407409668,30.384713172912598,0.006709098815917969
30.399763107299805,30.40289306640625,0.0031299591064453125
30.40893006324768,30.413000106811523,0.0040700435638427734
30.417562246322632,30.424922227859497,0.007359981536865234
30.427802324295044,30.435588121414185,0.007785797119140625
30.45004916191101,30.454238176345825,0.004189014434814453
30.458917140960693,30.465737104415894,0.006819963455200195
30.46769690513611,30.473570108413696,0.005873203277587891
30.481647968292236,30.490653038024902,0.009005069732666016
30.499717950820923,30.508066177368164,0.008348226547241211
30.508028030395508,30.514450073242188,0.0064220428466796875
30.51841115951538,30.521985054016113,0.003573894500732422
30.528764009475708,30.535349130630493,0.006585121154785156
30.54970121383667,30.558488130569458,0.008786916732788086
30.558911085128784,30.566249132156372,0.007338047027587891
30.567545175552368,30.572252988815308,0.004707813262939453
30.578009128570557,30.584826231002808,0.0068171024322509766
30.600549936294556,30.607720136642456,0.007170200347900391
30.609419107437134,30.618213176727295,0.008794069290161133
30.617610216140747,30.624417066574097,0.006806850433349609
30.627968072891235,30.634806156158447,0.006838083267211914
30.649775981903076,30.658348083496094,0.008572101593017578
30.658278942108154,30.663760900497437,0.0054819583892822266
30.66833519935608,30.67878818511963,0.010452985763549805
30.67879605293274,30.684800148010254,0.0060040950775146484
30.699891090393066,30.705543994903564,0.005652904510498047
30.709107160568237,30.722241163253784,0.013134002685546875
30.717600107192993,30.72642421722412,0.00882411003112793
30.727747201919556,30.733917951583862,0.006170749664306641
30.749524116516113,30.756246089935303,0.006721973419189453
30.758533239364624,30.767323970794678,0.008790731430053711
30.768227100372314,30.773869276046753,0.0056421756744384766
30.777680158615112,30.78468894958496,0.007008790969848633
30.799535274505615,30.80641222000122,0.006876945495605469
30.808974266052246,30.8229022026062,0.013927936553955078
30.818941116333008,30.825754165649414,0.00681304931640625
30.82799220085144,30.834151029586792,0.0061588287353515625
30.849868059158325,30.85692811012268,0.007060050964355469
30.859264135360718,30.868154287338257,0.008890151977539062
30.868001222610474,30.876228094100952,0.008226871490478516
30.877466201782227,30.88333511352539,0.0058689117431640625
30.8995361328125,30.907089948654175,0.007553815841674805
30.90909719467163,30.91787600517273,0.008778810501098633
30.918483018875122,30.927104234695435,0.0086212158203125
30.92807102203369,30.935508012771606,0.007436990737915039
30.950119018554688,30.954622983932495,0.004503965377807617
30.959073066711426,30.96681022644043,0.007737159729003906
30.9682400226593,30.974432229995728,0.006192207336425781
30.977967977523804,30.98505711555481,0.007089138031005859
30.9997661113739,31.003528118133545,0.0037620067596435547
31.009350061416626,31.016032218933105,0.006682157516479492
31.018543243408203,31.02484631538391,0.006303071975708008
31.028358936309814,31.035078048706055,0.006719112396240234
31.0497989654541,31.062428951263428,0.012629985809326172
31.061031103134155,31.06547522544861,0.004444122314453125
31.068045139312744,31.0779390335083,0.00989389419555664
31.077271223068237,31.08147621154785,0.004204988479614258
31.100175142288208,31.106219053268433,0.006043910980224609
31.108607053756714,31.122201204299927,0.01359415054321289
31.12017321586609,31.12620711326599,0.006033897399902344
31.128242015838623,31.138273239135742,0.01003122329711914
31.149682998657227,31.155031204223633,0.00534820556640625
31.158116102218628,31.16441011428833,0.0062940120697021484
31.16841197013855,31.175216913223267,0.006804943084716797
31.177913188934326,31.183279991149902,0.005366802215576172
31.200325965881348,31.205952167510986,0.005626201629638672
31.20957612991333,31.214752197265625,0.005176067352294922
31.218348264694214,31.226962089538574,0.008613824844360352
31.22811222076416,31.234873294830322,0.006761074066162109
31.25006413459778,31.253534078598022,0.0034699440002441406
31.26115107536316,31.267075300216675,0.005924224853515625
31.268344163894653,31.274123191833496,0.0057790279388427734
31.277602195739746,31.283095121383667,0.0054929256439208984
31.299137115478516,31.308601140975952,0.009464025497436523
31.309149980545044,31.314508199691772,0.005358219146728516
31.317946910858154,31.32985019683838,0.01190328598022461
31.328803300857544,31.33467721939087,0.005873918533325195
31.35026216506958,31.353804111480713,0.0035419464111328125
31.358761072158813,31.365573167800903,0.006812095642089844
31.368210077285767,31.374459981918335,0.006249904632568359
31.378282070159912,31.384575128555298,0.006293058395385742
31.39945101737976,31.406931161880493,0.007480144500732422
31.40849018096924,31.414011001586914,0.005520820617675781
31.417646169662476,31.42545795440674,0.007811784744262695
31.42887830734253,31.4345600605011,0.005681753158569336
31.44977593421936,31.462786197662354,0.013010263442993164
31.459212064743042,31.46462607383728,0.005414009094238281
31.468230962753296,31.472922325134277,0.004691362380981445
31.478548049926758,31.48253607749939,0.003988027572631836
31.50017213821411,31.509500980377197,0.009328842163085938
31.508666276931763,31.51365828514099,0.004992008209228516
31.519066333770752,31.525153160095215,0.006086826324462891
31.52878713607788,31.535312175750732,0.0065250396728515625
31.54980206489563,31.552757024765015,0.0029549598693847656
31.558987140655518,31.566007137298584,0.007019996643066406
31.568798065185547,31.573580265045166,0.004782199859619141
31.57818293571472,31.586103200912476,0.007920265197753906
31.599778175354004,31.608371019363403,0.008592844009399414
31.608498096466064,31.62101721763611,0.012519121170043945
31.62104296684265,31.629966259002686,0.00892329216003418
31.627838134765625,31.6323721408844,0.004534006118774414
31.65058422088623,31.65676712989807,0.00618290901184082
31.658839225769043,31.662925243377686,0.004086017608642578
31.66867995262146,31.678367137908936,0.009687185287475586
31.6785831451416,31.684476137161255,0.00589299201965332
31.69912624359131,31.707546949386597,0.008420705795288086
31.70872926712036,31.71298122406006,0.004251956939697266
31.72098207473755,31.72946524620056,0.008483171463012695
31.728564023971558,31.736196279525757,0.007632255554199219
31.74928593635559,31.75721025466919,0.007924318313598633
31.759167194366455,31.7668240070343,0.00765681266784668
31.768104076385498,31.777504205703735,0.009400129318237305
31.777799129486084,31.785397052764893,0.007597923278808594
31.79999613761902,31.803041219711304,0.0030450820922851562
31.810217142105103,31.82410192489624,0.013884782791137695
31.818199157714844,31.82728910446167,0.009089946746826172
31.827600955963135,31.831990242004395,0.004389286041259766
31.848931074142456,31.8550021648407,0.0060710906982421875
31.858569145202637,31.866851091384888,0.008281946182250977
31.868077278137207,31.872066259384155,0.003988981246948242
31.87751317024231,31.882301092147827,0.004787921905517578
31.90025520324707,31.906301975250244,0.006046772003173828
31.90907907485962,31.924461126327515,0.015382051467895508
31.92051911354065,31.93107795715332,0.010558843612670898
31.928040027618408,31.936617136001587,0.008577108383178711
31.950019121170044,31.955503940582275,0.005484819412231445
31.958842992782593,31.966650247573853,0.007807254791259766
31.96851897239685,31.97516918182373,0.006650209426879883
31.978538036346436,31.985522031784058,0.00698399543762207
32.00064015388489,32.006325006484985,0.005684852600097656
32.009138107299805,32.01732015609741,0.008182048797607422
32.018370151519775,32.02419114112854,0.0058209896087646484
32.028385162353516,32.034380197525024,0.005995035171508789
32.050353050231934,32.05769610404968,0.0073430538177490234
32.05859613418579,32.06213617324829,0.0035400390625
32.06856822967529,32.0840380191803,0.015469789505004883
32.07996225357056,32.08939599990845,0.009433746337890625
32.0999231338501,32.10596013069153,0.006036996841430664
32.109206199645996,32.11714792251587,0.007941722869873047
32.11854696273804,32.12423920631409,0.005692243576049805
32.12844395637512,32.13686013221741,0.008416175842285156
32.150275230407715,32.156153202056885,0.005877971649169922
32.15943932533264,32.16818428039551,0.008744955062866211
32.16808032989502,32.172948122024536,0.0048677921295166016
32.18055200576782,32.19121527671814,0.010663270950317383
32.20005202293396,32.20354509353638,0.003493070602416992
32.20971608161926,32.21586203575134,0.006145954132080078
32.21907901763916,32.22376608848572,0.004687070846557617
32.228612184524536,32.23586416244507,0.0072519779205322266
32.25042510032654,32.258883237838745,0.008458137512207031
32.25847816467285,32.26292610168457,0.00444793701171875
32.26838517189026,32.27683901786804,0.008453845977783203
32.2783522605896,32.2846999168396,0.00634765625
32.2997829914093,32.30677103996277,0.006988048553466797
32.30809020996094,32.31554627418518,0.007456064224243164
32.31806802749634,32.32527804374695,0.0072100162506103516
32.32791209220886,32.34000897407532,0.012096881866455078
32.349520206451416,32.35526919364929,0.0057489871978759766
32.35888409614563,32.36691904067993,0.008034944534301758
32.36825609207153,32.3749520778656,0.006695985794067383
32.37847709655762,32.38482618331909,0.006349086761474609
32.40246510505676,32.40775728225708,0.005292177200317383
32.40880227088928,32.41622996330261,0.007427692413330078
32.41846299171448,32.42587232589722,0.007409334182739258
32.42803120613098,32.432518005371094,0.004486799240112305
32.45040702819824,32.455920934677124,0.005513906478881836
32.45943999290466,32.47357702255249,0.014137029647827148
32.47320199012756,32.482171058654785,0.00896906852722168
32.47864317893982,32.48218822479248,0.003545045852661133
32.500349044799805,32.50778293609619,0.007433891296386719
32.508273124694824,32.515669107437134,0.00739598274230957
32.51859426498413,32.52479600906372,0.006201744079589844
32.528573989868164,32.53473520278931,0.006161212921142578
32.55013108253479,32.555129289627075,0.004998207092285156
32.55894994735718,32.56469416618347,0.005744218826293945
32.568172216415405,32.57658410072327,0.008411884307861328
32.578129053115845,32.58223223686218,0.004103183746337891
32.601478099823,32.61176609992981,0.010288000106811523
32.60887932777405,32.61343812942505,0.0045588016510009766
32.618709087371826,32.622194051742554,0.003484964370727539
32.62800908088684,32.632424116134644,0.004415035247802734
32.65066194534302,32.65599799156189,0.00533604621887207
32.658637285232544,32.66516304016113,0.006525754928588867
32.66995620727539,32.68009805679321,0.010141849517822266
32.67846417427063,32.68467903137207,0.00621485710144043
32.70033812522888,32.707468032836914,0.0071299076080322266
32.70814228057861,32.7141010761261,0.0059587955474853516
32.71883702278137,32.726901054382324,0.008064031600952148
32.728599071502686,32.735990047454834,0.0073909759521484375
32.74953103065491,32.760313272476196,0.010782241821289062
32.75840711593628,32.76598405838013,0.007576942443847656
32.76744103431702,32.77371311187744,0.006272077560424805
32.779720067977905,32.78394412994385,0.004224061965942383
32.7999382019043,32.80403208732605,0.00409388542175293
32.80880808830261,32.816352128982544,0.007544040679931641
32.818947076797485,32.82622408866882,0.007277011871337891
32.82825016975403,32.83436822891235,0.006118059158325195
32.85033202171326,32.8561270236969,0.005795001983642578
32.85918712615967,32.866945028305054,0.007757902145385742
32.86828804016113,32.8766028881073,0.008314847946166992
32.878788232803345,32.88362193107605,0.004833698272705078
32.899657011032104,32.9069561958313,0.007299184799194336
32.90995001792908,32.92240309715271,0.012453079223632812
32.91802906990051,32.92237901687622,0.004349946975708008
32.92824196815491,32.9358491897583,0.007607221603393555
32.94967317581177,32.95903420448303,0.009361028671264648
32.95930314064026,32.963099002838135,0.0037958621978759766
32.96835207939148,32.97475719451904,0.0064051151275634766
32.978156089782715,32.98440909385681,0.00625300407409668
33.000638008117676,33.005555152893066,0.004917144775390625
33.010467290878296,33.02039813995361,0.009930849075317383
33.019052267074585,33.02955603599548,0.010503768920898438
33.028079986572266,33.030617237091064,0.002537250518798828
33.04934525489807,33.06042504310608,0.011079788208007812
33.059733152389526,33.06707215309143,0.007339000701904297
33.06910800933838,33.07442903518677,0.005321025848388672
33.07807898521423,33.08761715888977,0.00953817367553711
33.10013008117676,33.1070990562439,0.006968975067138672
33.10826516151428,33.112855195999146,0.004590034484863281
33.118704080581665,33.124269247055054,0.005565166473388672
33.12795805931091,33.13567328453064,0.0077152252197265625
33.150405168533325,33.15576410293579,0.00535893440246582
33.159321308135986,33.164912939071655,0.005591630935668945
33.16802215576172,33.1816041469574,0.013581991195678711
33.17876315116882,33.187955141067505,0.00919198989868164
33.199225187301636,33.20663928985596,0.007414102554321289
33.2086820602417,33.211748123168945,0.0030660629272460938
33.21821713447571,33.22180795669556,0.003590822219848633
33.228063106536865,33.23231506347656,0.004251956939697266
33.24985194206238,33.25738716125488,0.007535219192504883
33.259093046188354,33.26753902435303,0.008445978164672852
33.26830506324768,33.27084016799927,0.002535104751586914
33.27833914756775,33.284985303878784,0.006646156311035156
33.30000424385071,33.30794405937195,0.007939815521240234
33.308141231536865,33.314884185791016,0.006742954254150391
33.318418979644775,33.324846267700195,0.006427288055419922
33.32844924926758,33.33407211303711,0.00562286376953125
33.3500702381134,33.35866403579712,0.00859379768371582
33.359437227249146,33.36418008804321,0.004742860794067383
33.368563175201416,33.376806020736694,0.00824284553527832
33.37781620025635,33.385786294937134,0.007970094680786133
33.39962029457092,33.4072151184082,0.0075948238372802734
33.409486293792725,33.41884803771973,0.009361743927001953
33.41781830787659,33.42259907722473,0.004780769348144531
33.42830014228821,33.434266328811646,0.0059661865234375
33.44947409629822,33.459256172180176,0.009782075881958008
33.45918607711792,33.46605706214905,0.00687098503112793
33.46857190132141,33.475489139556885,0.006917238235473633
33.47855806350708,33.49469494819641,0.016136884689331055
33.50057029724121,33.50834894180298,0.007778644561767578
33.50928521156311,33.51637816429138,0.007092952728271484
33.51882195472717,33.52677893638611,0.007956981658935547
33.527369022369385,33.535041093826294,0.00767207145690918
33.55038332939148,33.557430028915405,0.007046699523925781
33.55925512313843,33.565468072891235,0.006212949752807617
33.56838917732239,33.57591915130615,0.0075299739837646484
33.57818603515625,33.58445715904236,0.0062711238861083984
33.59975624084473,33.60529017448425,0.005533933639526367
33.609111070632935,33.615384101867676,0.006273031234741211
33.61847925186157,33.624648094177246,0.006168842315673828
33.63233518600464,33.642290115356445,0.00995492935180664
33.64974021911621,33.656617164611816,0.006876945495605469
33.658021211624146,33.66546630859375,0.007445096969604492
33.668567180633545,33.67501711845398,0.00644993782043457
33.67871022224426,33.687143087387085,0.008432865142822266
33.70057511329651,33.70594120025635,0.005366086959838867
33.708792209625244,33.71539521217346,0.0066030025482177734
33.7182400226593,33.722898960113525,0.004658937454223633
33.72801613807678,33.731878995895386,0.0038628578186035156
33.75041103363037,33.76314115524292,0.012730121612548828
33.76303696632385,33.77038025856018,0.007343292236328125
33.768635988235474,33.78060507774353,0.01196908950805664
33.77844834327698,33.785573959350586,0.0071256160736083984
33.80006408691406,33.80329418182373,0.0032300949096679688
33.80933403968811,33.815396308898926,0.00606226921081543
33.81790328025818,33.82985806465149,0.011954784393310547
33.8281831741333,33.83223819732666,0.004055023193359375
33.85122895240784,33.856383085250854,0.005154132843017578
33.85890531539917,33.867762088775635,0.008856773376464844
33.86848711967468,33.874038219451904,0.00555109977722168
33.87856125831604,33.88542914390564,0.006867885589599609
33.89966320991516,33.906169176101685,0.0065059661865234375
33.908414125442505,33.91713905334473,0.00872492790222168
33.917431116104126,33.92410135269165,0.006670236587524414
33.92790722846985,33.93411207199097,0.006204843521118164
33.95111298561096,33.96422815322876,0.013115167617797852
33.95857524871826,33.966360092163086,0.007784843444824219
33.96788311004639,33.97476410865784,0.006880998611450195
33.97844219207764,33.98662519454956,0.008183002471923828
34.00047016143799,34.0078501701355,0.007380008697509766
34.00932717323303,34.02069401741028,0.011366844177246094
34.0185170173645,34.02294206619263,0.004425048828125
34.02767014503479,34.034461975097656,0.006791830062866211
34.050217151641846,34.05888605117798,0.008668899536132812
34.05789494514465,34.064470052719116,0.006575107574462891
34.068007946014404,34.07510709762573,0.007099151611328125
34.078827142715454,34.09184217453003,0.013015031814575195
34.100290060043335,34.107203245162964,0.006913185119628906
34.10913014411926,34.1156370639801,0.006506919860839844
34.11815619468689,34.12475919723511,0.0066030025482177734
34.12865424156189,34.13476896286011,0.0061147212982177734
34.149714946746826,34.1553111076355,0.005596160888671875
34.15884304046631,34.17315626144409,0.014313220977783203
34.16935110092163,34.183115005493164,0.013763904571533203
34.17858004570007,34.18785619735718,0.009276151657104492
34.200876235961914,34.2113471031189,0.010470867156982422
34.208784341812134,34.2205331325531,0.011748790740966797
34.21912908554077,34.22572302818298,0.006593942642211914
34.22826313972473,34.232659101486206,0.004395961761474609
34.24986815452576,34.256184101104736,0.006315946578979492
34.258851289749146,34.26663303375244,0.0077817440032958984
34.26874113082886,34.27685618400574,0.008115053176879883
34.27901220321655,34.284868240356445,0.005856037139892578
34.300427198410034,34.30767226219177,0.007245063781738281
34.30798316001892,34.310986042022705,0.0030028820037841797
34.31883192062378,34.32434630393982,0.005514383316040039
34.3290901184082,34.335675954818726,0.006585836410522461
34.35050821304321,34.35567593574524,0.005167722702026367
34.358867168426514,34.36575698852539,0.006889820098876953
34.368282318115234,34.373146295547485,0.0048639774322509766
34.378154039382935,34.38563108444214,0.0074770450592041016
34.39958214759827,34.42068314552307,0.021100997924804688
34.40906620025635,34.43157911300659,0.02251291275024414
34.41835808753967,34.433316230773926,0.01495814323425293
34.42817807197571,34.43706011772156,0.00888204574584961
34.450746297836304,34.45492720603943,0.004180908203125
34.459532260894775,34.46687912940979,0.0073468685150146484
34.468932151794434,34.47842216491699,0.009490013122558594
34.478119134902954,34.4846773147583,0.00655817985534668
34.50004720687866,34.515454053878784,0.01540684700012207
34.50934100151062,34.51904106140137,0.00970005989074707
34.518816232681274,34.52468419075012,0.005867958068847656
34.52858519554138,34.5340621471405,0.005476951599121094
34.55071496963501,34.55766201019287,0.006947040557861328
34.55888104438782,34.564186334609985,0.005305290222167969
34.56847810745239,34.57541823387146,0.006940126419067383
34.57810115814209,34.58476233482361,0.006661176681518555
34.59962010383606,34.60614728927612,0.0065271854400634766
34.608657121658325,34.61389493942261,0.0052378177642822266
34.61867713928223,34.624245166778564,0.005568027496337891
34.628231048583984,34.636054039001465,0.007822990417480469
34.6504909992218,34.65613317489624,0.0056421756744384766
34.658864974975586,34.662511110305786,0.0036461353302001953
34.668633222579956,34.6726930141449,0.004059791564941406
34.67876100540161,34.68412709236145,0.005366086959838867
34.70014715194702,34.70609903335571,0.005951881408691406
34.70969605445862,34.71401405334473,0.0043179988861083984
34.71807503700256,34.72563314437866,0.007558107376098633
34.728602170944214,34.73439598083496,0.00579380989074707
34.75047421455383,34.758280992507935,0.0078067779541015625
34.75865602493286,34.764421224594116,0.005765199661254883
34.76835107803345,34.774482011795044,0.00613093376159668
34.77878713607788,34.7865469455719,0.007759809494018555
34.80008029937744,34.804248094558716,0.004167795181274414
34.80897617340088,34.81433916091919,0.005362987518310547
34.818512201309204,34.82572913169861,0.007216930389404297
34.82795190811157,34.83379411697388,0.0058422088623046875
34.8507022857666,34.85596704483032,0.005264759063720703
34.85973525047302,34.86490821838379,0.0051729679107666016
34.86781024932861,34.873703956604004,0.005893707275390625
34.87860107421875,34.88824105262756,0.009639978408813477
34.90025019645691,34.90431308746338,0.0040628910064697266
34.909221172332764,34.914324045181274,0.005102872848510742
34.91761326789856,34.92408609390259,0.00647282600402832
34.92890191078186,34.936989068984985,0.008087158203125
34.95060896873474,34.95921206474304,0.008603096008300781
34.95973825454712,34.96833801269531,0.00859975814819336
34.96852731704712,34.97608208656311,0.007554769515991211
34.978718996047974,34.98421812057495,0.005499124526977539
34.99918508529663,35.00308609008789,0.0039010047912597656
35.00901007652283,35.014404296875,0.0053942203521728516
35.01816916465759,35.0256872177124,0.00751805305480957
35.02844715118408,35.03357410430908,0.005126953125
35.04970121383667,35.05421805381775,0.0045168399810791016
35.05936908721924,35.06868100166321,0.009311914443969727
35.06921720504761,35.07731509208679,0.00809788703918457
35.0789692401886,35.08692216873169,0.00795292854309082
35.10055112838745,35.10791826248169,0.007367134094238281
35.10820412635803,35.11689209938049,0.008687973022460938
35.11846113204956,35.12499213218689,0.0065310001373291016
35.12832307815552,35.13581609725952,0.007493019104003906
35.15330791473389,35.16123914718628,0.007931232452392578
35.158868074417114,35.16439509391785,0.005527019500732422
35.16846418380737,35.17522692680359,0.00676274299621582
35.179065227508545,35.1887092590332,0.009644031524658203
35.20070719718933,35.207799196243286,0.007091999053955078
35.20949411392212,35.22747302055359,0.017978906631469727
35.21845102310181,35.23242211341858,0.013971090316772461
35.22798013687134,35.2336151599884,0.00563502311706543
35.24976706504822,35.256516218185425,0.006749153137207031
35.25924730300903,35.26519513130188,0.00594782829284668
35.26877498626709,35.27508306503296,0.006308078765869141
35.27811408042908,35.28405213356018,0.005938053131103516
35.29999613761902,35.30732297897339,0.007326841354370117
35.309630155563354,35.31480622291565,0.005176067352294922
35.31833815574646,35.32469201087952,0.006353855133056641
35.327641248703,35.334654092788696,0.007012844085693359
35.35058116912842,35.35699796676636,0.006416797637939453
35.35945105552673,35.36779189109802,0.008340835571289062
35.36924600601196,35.37553310394287,0.006287097930908203
35.378074169158936,35.38551211357117,0.007437944412231445
35.400453329086304,35.40719795227051,0.0067446231842041016
35.409377098083496,35.416341066360474,0.006963968276977539
35.41878318786621,35.42633509635925,0.007551908493041992
35.428303241729736,35.43642616271973,0.008122920989990234
35.45046305656433,35.45585608482361,0.005393028259277344
35.45977807044983,35.46797513961792,0.00819706916809082
35.469104051589966,35.47538614273071,0.00628209114074707
35.47894096374512,35.4853880405426,0.0064470767974853516
35.49958300590515,35.5076789855957,0.008095979690551758
35.508212089538574,35.51536226272583,0.007150173187255859
35.51782989501953,35.52611207962036,0.008282184600830078
35.527491092681885,35.53421211242676,0.006721019744873047
35.549798011779785,35.55603528022766,0.0062372684478759766
35.5584352016449,35.565431118011475,0.0069959163665771484
35.56773114204407,35.57296895980835,0.0052378177642822266
35.5783371925354,35.58448004722595,0.006142854690551758
35.600054025650024,35.607511043548584,0.00745701789855957
35.60848522186279,35.61443734169006,0.005952119827270508
35.61807322502136,35.625943183898926,0.007869958877563477
35.62798714637756,35.635497093200684,0.007509946823120117
35.65232610702515,35.660192012786865,0.00786590576171875
35.658183097839355,35.66520094871521,0.007017850875854492
35.667375326156616,35.675111055374146,0.007735729217529297
35.678832054138184,35.685096979141235,0.006264925003051758
35.70058512687683,35.706443071365356,0.005857944488525391
35.70883798599243,35.717408180236816,0.008570194244384766
35.71803021430969,35.72076916694641,0.00273895263671875
35.728334188461304,35.733633041381836,0.0052988529205322266
35.75057530403137,35.75642013549805,0.005844831466674805
35.75888204574585,35.7643141746521,0.00543212890625
35.76894402503967,35.77402305603027,0.005079030990600586
35.77883815765381,35.785378217697144,0.006540060043334961
35.79976725578308,35.808420181274414,0.008652925491333008
35.80879020690918,35.81272602081299,0.003935813903808594
35.817655086517334,35.82079815864563,0.0031430721282958984
35.828492164611816,35.83838605880737,0.00989389419555664
35.849669218063354,35.85469698905945,0.00502777099609375
35.86058712005615,35.865339040756226,0.004751920700073242
35.86816692352295,35.87288308143616,0.004716157913208008
35.87856602668762,35.88273525238037,0.0041692256927490234
35.89965319633484,35.90376615524292,0.004112958908081055
35.90862798690796,35.91562819480896,0.0070002079010009766
35.91768002510071,35.92434906959534,0.006669044494628906
35.93007016181946,35.93807411193848,0.008003950119018555
35.94929313659668,35.956409215927124,0.007116079330444336
35.95856308937073,35.965182065963745,0.006618976593017578
35.96729016304016,35.9749801158905,0.007689952850341797
35.97775912284851,35.982988119125366,0.005228996276855469
36.00010824203491,36.00577116012573,0.0056629180908203125
36.00865697860718,36.015730142593384,0.007073163986206055
36.0181040763855,36.02560806274414,0.007503986358642578
36.02802896499634,36.03410315513611,0.006074190139770508
36.05002021789551,36.057713985443115,0.007693767547607422
36.05921792984009,36.0647759437561,0.005558013916015625
36.0671660900116,36.07162928581238,0.00446319580078125
36.078763008117676,36.08422517776489,0.005462169647216797
36.10042715072632,36.10777807235718,0.007350921630859375
36.10901618003845,36.11356496810913,0.004548788070678711
36.11822009086609,36.12545895576477,0.007238864898681641
36.12856197357178,36.13265013694763,0.004088163375854492
36.15021109580994,36.157857179641724,0.007646083831787109
36.16004014015198,36.165444135665894,0.005403995513916016
36.16806101799011,36.17143511772156,0.0033740997314453125
36.17805600166321,36.18224000930786,0.00418400764465332
36.20038199424744,36.2095160484314,0.009134054183959961
36.208614110946655,36.21666693687439,0.008052825927734375
36.21779727935791,36.226420164108276,0.008622884750366211
36.22831416130066,36.23324012756348,0.004925966262817383
36.25096416473389,36.2645320892334,0.013567924499511719
36.25795316696167,36.26452422142029,0.006571054458618164
36.268097162246704,36.275378942489624,0.007281780242919922
36.2776300907135,36.285167932510376,0.007537841796875
36.29978013038635,36.30714821815491,0.0073680877685546875
36.309468030929565,36.31526303291321,0.005795001983642578
36.31848621368408,36.3270800113678,0.00859379768371582
36.32824397087097,36.334766149520874,0.006522178649902344
36.35030508041382,36.35654830932617,0.006243228912353516
36.35870814323425,36.36250615119934,0.0037980079650878906
36.36845397949219,36.3761990070343,0.007745027542114258
36.37802028656006,36.385481119155884,0.007460832595825195
36.39979600906372,36.40262317657471,0.002827167510986328
36.408435106277466,36.417015075683594,0.00857996940612793
36.417946338653564,36.42439913749695,0.006452798843383789
36.42836904525757,36.434170961380005,0.0058019161224365234
36.44999933242798,36.45840525627136,0.008405923843383789
36.4584321975708,36.47002124786377,0.01158905029296875
36.468520164489746,36.477410078048706,0.008889913558959961
36.47745895385742,36.484846115112305,0.0073871612548828125
36.499757289886475,36.508748054504395,0.008990764617919922
36.508291244506836,36.5174720287323,0.009180784225463867
36.51864194869995,36.52391314506531,0.005271196365356445
36.527616024017334,36.53741216659546,0.009796142578125
36.549729108810425,36.55285310745239,0.0031239986419677734
36.558603048324585,36.56431698799133,0.005713939666748047
36.568700075149536,36.57450819015503,0.005808115005493164
36.57852220535278,36.583367109298706,0.0048449039459228516
36.600566148757935,36.605895042419434,0.0053288936614990234
36.609387159347534,36.61816215515137,0.008774995803833008
36.61871814727783,36.62435507774353,0.005636930465698242
36.62847709655762,36.636476039886475,0.007998943328857422
36.64956617355347,36.657525062561035,0.00795888900756836
36.658666133880615,36.66708207130432,0.008415937423706055
36.668225049972534,36.67525625228882,0.00703120231628418
36.677863121032715,36.685532093048096,0.007668972015380859
36.69967222213745,36.70592904090881,0.006256818771362305
36.70918011665344,36.71605825424194,0.0068781375885009766
36.71843910217285,36.72620511054993,0.007766008377075195
36.72862124443054,36.73596215248108,0.007340908050537109
36.749248027801514,36.75756311416626,0.008315086364746094
36.75893998146057,36.765480041503906,0.006540060043334961
36.767757177352905,36.77558517456055,0.007827997207641602
36.77785396575928,36.784358978271484,0.006505012512207031
36.79975914955139,36.80827713012695,0.008517980575561523
36.808598041534424,36.811251163482666,0.0026531219482421875
36.8185670375824,36.82412910461426,0.0055620670318603516
36.82798218727112,36.83220624923706,0.004224061965942383
36.85010313987732,36.857715129852295,0.007611989974975586
36.85858631134033,36.86352801322937,0.004941701889038086
36.8681001663208,36.87535500526428,0.007254838943481445
36.87784719467163,36.885258197784424,0.007411003112792969
36.89949607849121,36.90507507324219,0.0055789947509765625
36.90891194343567,36.91769099235535,0.008779048919677734
36.917699098587036,36.923357009887695,0.00565791130065918
36.928462266922,36.93466305732727,0.0062007904052734375
36.95000195503235,36.95743227005005,0.007430315017700195
36.95847010612488,36.966708183288574,0.008238077163696289
36.96852731704712,36.97611618041992,0.007588863372802734
36.97876524925232,36.98612713813782,0.007361888885498047
36.99950909614563,37.00472617149353,0.005217075347900391
37.00815010070801,37.016706228256226,0.008556127548217773
37.01894211769104,37.02531909942627,0.006376981735229492
37.02773094177246,37.035266160964966,0.007535219192504883
37.049885988235474,37.056217193603516,0.006331205368041992
37.05858612060547,37.066904067993164,0.008317947387695312
37.06843018531799,37.074148178100586,0.0057179927825927734
37.07811427116394,37.0864462852478,0.008332014083862305
37.100006103515625,37.10270714759827,0.0027010440826416016
37.10841417312622,37.115490198135376,0.0070760250091552734
37.11733818054199,37.125662088394165,0.008323907852172852
37.12791991233826,37.1340172290802,0.006097316741943359
37.14990592002869,37.15679121017456,0.0068852901458740234
37.158756256103516,37.16415214538574,0.0053958892822265625
37.16807723045349,37.17515206336975,0.007074832916259766
37.17750406265259,37.187018156051636,0.009514093399047852
37.200425148010254,37.20346808433533,0.003042936325073242
37.20766592025757,37.2176411151886,0.009975194931030273
37.21840000152588,37.22511601448059,0.006716012954711914
37.2284460067749,37.23557996749878,0.007133960723876953
37.25065517425537,37.25821614265442,0.0075609683990478516
37.25782513618469,37.267290115356445,0.00946497917175293
37.268439054489136,37.27521109580994,0.006772041320800781
37.27886915206909,37.28593325614929,0.007064104080200195
37.2996621131897,37.30537414550781,0.005712032318115234
37.30806827545166,37.315186977386475,0.007118701934814453
37.31834030151367,37.3241229057312,0.005782604217529297
37.32765007019043,37.33535695075989,0.007706880569458008
37.34929895401001,37.35728597640991,0.007987022399902344
37.358834981918335,37.36629891395569,0.007463932037353516
37.368627071380615,37.376211166381836,0.007584095001220703
37.378546953201294,37.385339975357056,0.006793022155761719
37.39978504180908,37.40797400474548,0.008188962936401367
37.40941500663757,37.41652321815491,0.007108211517333984
37.418434143066406,37.42627811431885,0.007843971252441406
37.42749905586243,37.43434119224548,0.006842136383056641
37.449212074279785,37.45818495750427,0.008972883224487305
37.4594829082489,37.467875242233276,0.008392333984375
37.46769690513611,37.47534704208374,0.007650136947631836
37.47822427749634,37.4836151599884,0.00539088249206543
37.500242948532104,37.50630712509155,0.006064176559448242
37.50863599777222,37.51572108268738,0.007085084915161133
37.51897716522217,37.52449417114258,0.005517005920410156
37.52983522415161,37.53993821144104,0.010102987289428711
37.549272298812866,37.56156611442566,0.012293815612792969
37.561267137527466,37.570109128952026,0.008841991424560547
37.56816911697388,37.57238006591797,0.004210948944091797
37.57772612571716,37.5847430229187,0.007016897201538086
37.5999071598053,37.607511043548584,0.007603883743286133
37.60856008529663,37.61524319648743,0.0066831111907958984
37.618927240371704,37.62810516357422,0.009177923202514648
37.62744617462158,37.63262605667114,0.005179882049560547
37.64955019950867,37.65669012069702,0.007139921188354492
37.65889811515808,37.66596007347107,0.007061958312988281
37.66735005378723,37.67439126968384,0.007041215896606445
37.678667068481445,37.684524059295654,0.005856990814208984
37.70058512687683,37.70593810081482,0.005352973937988281
37.70965099334717,37.71457123756409,0.004920244216918945
37.71849513053894,37.72538709640503,0.006891965866088867
37.727795124053955,37.738070249557495,0.010275125503540039
37.750406980514526,37.761677265167236,0.011270284652709961
37.760889291763306,37.785391330718994,0.024502038955688477
37.768739223480225,37.786829233169556,0.018090009689331055
37.77893424034119,37.78687119483948,0.007936954498291016
37.79973816871643,37.80869722366333,0.008959054946899414
37.80891823768616,37.81463313102722,0.005714893341064453
37.81910419464111,37.823108196258545,0.004004001617431641
37.82808303833008,37.83868598937988,0.010602951049804688
37.84945797920227,37.85240721702576,0.002949237823486328
37.858803033828735,37.869004249572754,0.010201215744018555
37.868152141571045,37.87438702583313,0.006234884262084961
37.87895607948303,37.883254051208496,0.004297971725463867
37.90035319328308,37.909082889556885,0.008729696273803711
37.90903925895691,37.91440415382385,0.005364894866943359
37.91868233680725,37.92344808578491,0.004765748977661133
37.92816710472107,37.935768127441406,0.007601022720336914
37.95003008842468,37.956494092941284,0.0064640045166015625
37.95904016494751,37.96709108352661,0.008050918579101562
37.96804618835449,37.97418713569641,0.006140947341918945
37.9776132106781,37.9862380027771,0.008624792098999023
37.99950909614563,38.01170110702515,0.012192010879516602
38.008482217788696,38.01739311218262,0.008910894393920898
38.01773810386658,38.02364921569824,0.005911111831665039
38.02815008163452,38.034911155700684,0.006761074066162109
38.050127267837524,38.05821394920349,0.008086681365966797
38.05804800987244,38.06405830383301,0.006010293960571289
38.06882905960083,38.073984146118164,0.005155086517333984
38.077479124069214,38.085267066955566,0.007787942886352539
38.10020422935486,38.10505414009094,0.004849910736083984
38.1086630821228,38.11631488800049,0.007651805877685547
38.117534160614014,38.12585401535034,0.008319854736328125
38.12824511528015,38.13295125961304,0.004706144332885742
38.15020704269409,38.155959129333496,0.005752086639404297
38.15896821022034,38.168030977249146,0.009062767028808594
38.16823410987854,38.17380404472351,0.005569934844970703
38.1776762008667,38.185662031173706,0.007985830307006836
38.200348138809204,38.208495140075684,0.008147001266479492
38.2094030380249,38.21487808227539,0.005475044250488281
38.21853494644165,38.226053953170776,0.0075190067291259766
38.22854709625244,38.23465824127197,0.00611114501953125
38.24868893623352,38.25680899620056,0.008120059967041016
38.258573055267334,38.26465630531311,0.006083250045776367
38.2682421207428,38.27634811401367,0.008105993270874023
38.27887511253357,38.28319430351257,0.004319190979003906
38.29964804649353,38.305442094802856,0.005794048309326172
38.308876037597656,38.31504511833191,0.00616908073425293
38.31862831115723,38.32453203201294,0.005903720855712891
38.32818913459778,38.334906339645386,0.006717205047607422
38.34971308708191,38.35553002357483,0.005816936492919922
38.35900807380676,38.367791175842285,0.008783102035522461
38.3679780960083,38.37434911727905,0.006371021270751953
38.377952098846436,38.38512206077576,0.007169961929321289
38.400384187698364,38.40475130081177,0.00436711311340332
38.409619092941284,38.41449809074402,0.004878997802734375
38.41842699050903,38.42366814613342,0.0052411556243896484
38.42714309692383,38.434739112854004,0.007596015930175781
38.45070433616638,38.45883226394653,0.008127927780151367
38.45865201950073,38.46279501914978,0.0041429996490478516
38.46781015396118,38.474597215652466,0.00678706169128418
38.47878813743591,38.484140157699585,0.005352020263671875
38.50007724761963,38.50607109069824,0.005993843078613281
38.509236097335815,38.517099142074585,0.007863044738769531
38.518487215042114,38.52398490905762,0.00549769401550293
38.528388261795044,38.53382205963135,0.005433797836303711
38.550363063812256,38.55735516548157,0.0069921016693115234
38.55867910385132,38.561723947525024,0.0030448436737060547
38.56798696517944,38.573485136032104,0.005498170852661133
38.578108072280884,38.584999084472656,0.006891012191772461
38.5995671749115,38.60559916496277,0.006031990051269531
38.60985088348389,38.621530294418335,0.011679410934448242
38.61858320236206,38.623701095581055,0.005117893218994141
38.62796401977539,38.63419008255005,0.006226062774658203
38.650151014328,38.65625309944153,0.006102085113525391
38.65929913520813,38.66536617279053,0.006067037582397461
38.66899013519287,38.67568016052246,0.006690025329589844
38.67828011512756,38.68461322784424,0.006333112716674805
38.69896411895752,38.701871156692505,0.0029070377349853516
38.708508014678955,38.72132420539856,0.012816190719604492
38.71796417236328,38.723265171051025,0.005300998687744141
38.727845191955566,38.73197913169861,0.004133939743041992
38.753881216049194,38.76642322540283,0.012542009353637695
38.75967502593994,38.766417026519775,0.006742000579833984
38.76855993270874,38.7750461101532,0.006486177444458008
38.77852010726929,38.78368592262268,0.005165815353393555
38.79974627494812,38.80928421020508,0.009537935256958008
38.80889916419983,38.81165909767151,0.0027599334716796875
38.81890416145325,38.823140144348145,0.004235982894897461
38.82885503768921,38.83463406562805,0.0057790279388427734
38.84987926483154,38.857897996902466,0.008018732070922852
38.85891509056091,38.8642840385437,0.005368947982788086
38.868640184402466,38.875967025756836,0.007326841354370117
38.87848401069641,38.88788819313049,0.009404182434082031
38.90270709991455,38.91011714935303,0.0074100494384765625
38.908308029174805,38.920446157455444,0.012138128280639648
38.91831994056702,38.924071073532104,0.005751132965087891
38.92886519432068,38.93672013282776,0.007854938507080078
38.95044732093811,38.96200108528137,0.011553764343261719
38.960692167282104,38.966360092163086,0.005667924880981445
38.96764802932739,38.9736762046814,0.006028175354003906
38.97827625274658,38.98320913314819,0.004932880401611328
39.00007104873657,39.004770278930664,0.004699230194091797
39.00953197479248,39.014065980911255,0.004534006118774414
39.0181200504303,39.03068399429321,0.012563943862915039
39.02842926979065,39.035606145858765,0.007176876068115234
39.04959225654602,39.05658507347107,0.006992816925048828
39.05801606178284,39.060463190078735,0.0024471282958984375
39.068838119506836,39.07566428184509,0.006826162338256836
39.078853130340576,39.084349155426025,0.005496025085449219
39.09994721412659,39.110680103302,0.010732889175415039
39.11050820350647,39.12126398086548,0.010755777359008789
39.11909627914429,39.12686109542847,0.0077648162841796875
39.127793073654175,39.13181018829346,0.0040171146392822266
39.14994406700134,39.15491795539856,0.004973888397216797
39.15811896324158,39.16217923164368,0.004060268402099609
39.16782808303833,39.170905113220215,0.0030770301818847656
39.17800211906433,39.18442130088806,0.006419181823730469
39.20289421081543,39.213263273239136,0.010369062423706055
39.20886516571045,39.21325922012329,0.004394054412841797
39.218154191970825,39.22361516952515,0.005460977554321289
39.228312253952026,39.234079122543335,0.005766868591308594
39.24992609024048,39.25910401344299,0.009177923202514648
39.25840902328491,39.26525020599365,0.006841182708740234
39.26763606071472,39.28148102760315,0.013844966888427734
39.278794050216675,39.28496527671814,0.006171226501464844
39.2997510433197,39.30707406997681,0.007323026657104492
39.30904507637024,39.31905221939087,0.010007143020629883
39.31878614425659,39.32462120056152,0.005835056304931641
39.3282949924469,39.33686113357544,0.008566141128540039
39.350218057632446,39.35347008705139,0.0032520294189453125
39.358736991882324,39.36430501937866,0.005568027496337891
39.36893129348755,39.37407898902893,0.005147695541381836
39.37870812416077,39.38585925102234,0.007151126861572266
39.39966917037964,39.407116174697876,0.007447004318237305
39.40879416465759,39.415757179260254,0.006963014602661133
39.41871118545532,39.4298300743103,0.011118888854980469
39.42825412750244,39.43387413024902,0.005620002746582031
39.44957613945007,39.45636796951294,0.006791830062866211
39.45891809463501,39.46631407737732,0.00739598274230957
39.46797513961792,39.474069118499756,0.0060939788818359375
39.47766828536987,39.48669123649597,0.009022951126098633
39.499932050704956,39.504997968673706,0.00506591796875
39.50886607170105,39.51692819595337,0.008062124252319336
39.51827907562256,39.5231831073761,0.004904031753540039
39.528311252593994,39.53441905975342,0.006107807159423828
39.550457239151,39.55791211128235,0.007454872131347656
39.5594482421875,39.565014123916626,0.0055658817291259766
39.56835722923279,39.57678699493408,0.008429765701293945
39.57807207107544,39.58446431159973,0.006392240524291992
39.60082697868347,39.61327815055847,0.012451171875
39.608845233917236,39.61463212966919,0.005786895751953125
39.61856007575989,39.626798152923584,0.008238077163696289
39.6276171207428,39.632378339767456,0.004761219024658203
39.64898419380188,39.657634258270264,0.008650064468383789
39.65876626968384,39.66830110549927,0.009534835815429688
39.668527126312256,39.6746621131897,0.006134986877441406
39.67869019508362,39.68526601791382,0.006575822830200195
39.69992923736572,39.70280194282532,0.0028727054595947266
39.70843720436096,39.715845346450806,0.00740814208984375
39.718433141708374,39.72564625740051,0.007213115692138672
39.728156089782715,39.735026121139526,0.0068700313568115234
39.74988412857056,39.75527501106262,0.00539088249206543
39.75919508934021,39.767045974731445,0.007850885391235352
39.76855111122131,39.77656412124634,0.008013010025024414
39.77736806869507,39.78589224815369,0.008524179458618164
39.80070996284485,39.81588101387024,0.015171051025390625
39.81392312049866,39.82179617881775,0.007873058319091797
39.81842517852783,39.825539112091064,0.007113933563232422
39.828360080718994,39.83720827102661,0.008848190307617188
39.84976410865784,39.858105182647705,0.008341073989868164
39.85930609703064,39.867568016052246,0.008261919021606445
39.8689820766449,39.87610912322998,0.007127046585083008
39.87868905067444,39.88518214225769,0.006493091583251953
39.900424003601074,39.9100980758667,0.009674072265625
39.90897011756897,39.91610407829285,0.007133960723876953
39.91856813430786,39.923105239868164,0.004537105560302734
39.928040981292725,39.93228220939636,0.004241228103637695
39.9497811794281,39.954121112823486,0.004339933395385742
39.95995306968689,39.96791410446167,0.007961034774780273
39.96820116043091,39.972389936447144,0.0041887760162353516
39.97866201400757,39.98251008987427,0.0038480758666992188
39.99997901916504,40.003929138183594,0.0039501190185546875
40.008846282958984,40.01338815689087,0.004541873931884766
40.01871609687805,40.02707624435425,0.008360147476196289
40.028621196746826,40.0334689617157,0.00484776496887207
40.05023503303528,40.05590105056763,0.005666017532348633
40.059401988983154,40.06381821632385,0.004416227340698242
40.06745505332947,40.07472205162048,0.007266998291015625
40.07762122154236,40.08320999145508,0.0055887699127197266
40.10063910484314,40.10654401779175,0.0059049129486083984
40.109086990356445,40.115400075912476,0.0063130855560302734
40.11909103393555,40.12527418136597,0.006183147430419922
40.12861108779907,40.13410210609436,0.005491018295288086
40.1499342918396,40.15275597572327,0.002821683883666992
40.159109354019165,40.16891598701477,0.009806632995605469
40.16872310638428,40.174713134765625,0.005990028381347656
40.17816400527954,40.18445324897766,0.006289243698120117
40.200669050216675,40.2059600353241,0.005290985107421875
40.20803427696228,40.2166531085968,0.008618831634521484
40.21910214424133,40.22726607322693,0.008163928985595703
40.22850322723389,40.23164916038513,0.003145933151245117
40.24955129623413,40.26662826538086,0.017076969146728516
40.25901508331299,40.26804828643799,0.009033203125
40.26906132698059,40.27398610115051,0.004924774169921875
40.27774405479431,40.28491497039795,0.007170915603637695
40.29940629005432,40.3037211894989,0.004314899444580078
40.30870819091797,40.314489126205444,0.005780935287475586
40.31822419166565,40.32689118385315,0.0086669921875
40.32764720916748,40.3316171169281,0.003969907760620117
40.35568118095398,40.36608529090881,0.010404109954833984
40.35901403427124,40.36607813835144,0.007064104080200195
40.36756610870361,40.374571084976196,0.007004976272583008
40.378764152526855,40.38680815696716,0.008044004440307617
40.40050530433655,40.41003203392029,0.009526729583740234
40.40887212753296,40.416473150253296,0.007601022720336914
40.41787123680115,40.42513108253479,0.007259845733642578
40.42792725563049,40.43551421165466,0.007586956024169922
40.44986915588379,40.45663118362427,0.006762027740478516
40.4581241607666,40.46112108230591,0.0029969215393066406
40.468812227249146,40.473353147506714,0.004540920257568359
40.477848291397095,40.48661994934082,0.008771657943725586
40.500081062316895,40.50415325164795,0.0040721893310546875
40.509196043014526,40.51760220527649,0.00840616226196289
40.51799201965332,40.522022008895874,0.004029989242553711
40.528823137283325,40.537137031555176,0.008313894271850586
40.55074906349182,40.553741216659546,0.0029921531677246094
40.55845904350281,40.56576704978943,0.007308006286621094
40.56838917732239,40.57526206970215,0.006872892379760742
40.57812309265137,40.59265327453613,0.014530181884765625
40.60012602806091,40.605520248413086,0.0053942203521728516
40.60909819602966,40.61471509933472,0.005616903305053711
40.618473052978516,40.627745151519775,0.009272098541259766
40.62909007072449,40.63464093208313,0.005550861358642578
40.650052309036255,40.6582350730896,0.008182764053344727
40.65840220451355,40.66489505767822,0.0064928531646728516
40.668639183044434,40.675503969192505,0.006864786148071289
40.6783812046051,40.68266820907593,0.004287004470825195
40.704838037490845,40.713157176971436,0.00831913948059082
40.70947217941284,40.71637415885925,0.006901979446411133
40.71837401390076,40.7252402305603,0.0068662166595458984
40.727800130844116,40.73413419723511,0.006334066390991211
40.75010323524475,40.75727605819702,0.007172822952270508
40.75870490074158,40.76424312591553,0.005538225173950195
40.767778158187866,40.77552795410156,0.007749795913696289
40.77839112281799,40.78482007980347,0.006428956985473633
40.801377058029175,40.80831503868103,0.006937980651855469
40.808619022369385,40.81448030471802,0.0058612823486328125
40.81816506385803,40.8247230052948,0.006557941436767578
40.828283071517944,40.83670520782471,0.008422136306762695
40.850714921951294,40.854663133621216,0.003948211669921875
40.85900115966797,40.86625623703003,0.007255077362060547
40.86771893501282,40.87482190132141,0.00710296630859375
40.87860608100891,40.884143114089966,0.0055370330810546875
40.905030965805054,40.9158091545105,0.010778188705444336
40.90894603729248,40.91583609580994,0.006890058517456055
40.91923522949219,40.92650032043457,0.0072650909423828125
40.928651094436646,40.936326026916504,0.0076749324798583984
40.95001411437988,40.95545196533203,0.0054378509521484375
40.9593141078949,40.96712398529053,0.007809877395629883
40.96901726722717,40.97940015792847,0.010382890701293945
40.977580070495605,40.98512816429138,0.007548093795776367
41.000856161117554,41.00743508338928,0.006578922271728516
41.008882999420166,41.01545023918152,0.006567239761352539
41.01887321472168,41.024352073669434,0.005478858947753906
41.030993938446045,41.040693044662476,0.009699106216430664
41.050822019577026,41.06069827079773,0.009876251220703125
41.059816122055054,41.06811809539795,0.008301973342895508
41.068519115448,41.07372498512268,0.005205869674682617
41.07874631881714,41.08591413497925,0.007167816162109375
41.10000705718994,41.11153221130371,0.011525154113769531
41.1089129447937,41.117579221725464,0.008666276931762695
41.119028091430664,41.12481427192688,0.00578618049621582
41.129088163375854,41.1332631111145,0.004174947738647461
41.15022325515747,41.15660119056702,0.0063779354095458984
41.158108949661255,41.16702127456665,0.008912324905395508
41.16871929168701,41.173845052719116,0.005125761032104492
41.17874526977539,41.1855571269989,0.006811857223510742
41.19951510429382,41.21021389961243,0.010698795318603516
41.208250999450684,41.212374210357666,0.004123210906982422
41.21826696395874,41.22460603713989,0.006339073181152344
41.2281711101532,41.23639416694641,0.00822305679321289
41.25020503997803,41.25612497329712,0.005919933319091797
41.259772062301636,41.29158306121826,0.03181099891662598
41.268235206604004,41.297797203063965,0.029561996459960938
41.2795991897583,41.299920320510864,0.020321130752563477
41.300265073776245,41.30981111526489,0.009546041488647461
41.30892014503479,41.32041621208191,0.01149606704711914
41.318758964538574,41.32545328140259,0.006694316864013672
41.32894229888916,41.335994243621826,0.007051944732666016
41.35015821456909,41.35715413093567,0.0069959163665771484
41.359671115875244,41.36651301383972,0.006841897964477539
41.36788892745972,41.37140727043152,0.003518342971801758
41.37890911102295,41.38453006744385,0.0056209564208984375
41.40071201324463,41.409467935562134,0.008755922317504883
41.40857815742493,41.41522216796875,0.006644010543823242
41.41879725456238,41.42498207092285,0.006184816360473633
41.42881798744202,41.435840129852295,0.00702214241027832
41.4492449760437,41.453620195388794,0.0043752193450927734
41.459649085998535,41.465609073638916,0.005959987640380859
41.46820902824402,41.475696086883545,0.007487058639526367
41.4785590171814,41.48247814178467,0.003919124603271484
41.49999499320984,41.50576114654541,0.005766153335571289
41.50884008407593,41.51403617858887,0.005196094512939453
41.51912522315979,41.52387619018555,0.004750967025756836
41.528608083724976,41.5331552028656,0.004547119140625
41.55037212371826,41.56130313873291,0.010931015014648438
41.55981111526489,41.56540608406067,0.005594968795776367
41.56895422935486,41.576521158218384,0.007566928863525391
41.57856321334839,41.58947420120239,0.010910987854003906
41.60309314727783,41.607187032699585,0.00409388542175293
41.608784914016724,41.615437269210815,0.006652355194091797
41.618125200271606,41.62480330467224,0.006678104400634766
41.62897205352783,41.634175062179565,0.0052030086517333984
41.65030217170715,41.65375900268555,0.0034568309783935547
41.66276001930237,41.67048931121826,0.007729291915893555
41.66866207122803,41.67339301109314,0.004730939865112305
41.67829990386963,41.6848042011261,0.0065042972564697266
41.69993805885315,41.70834803581238,0.008409976959228516
41.70861601829529,41.713863134384155,0.0052471160888671875
41.71905708312988,41.731240034103394,0.012182950973510742
41.729066133499146,41.73476314544678,0.005697011947631836
41.74971914291382,41.765045166015625,0.01532602310180664
41.76228213310242,41.77188730239868,0.009605169296264648
41.768316984176636,41.773640155792236,0.005323171615600586
41.777963161468506,41.78180408477783,0.003840923309326172
41.800079107284546,41.80206608772278,0.001986980438232422
41.80912113189697,41.81374907493591,0.00462794303894043
41.81811714172363,41.82318425178528,0.005067110061645508
41.827922105789185,41.834869146347046,0.006947040557861328
41.85010099411011,41.85723114013672,0.007130146026611328
41.858933210372925,41.86173605918884,0.0028028488159179688
41.868226051330566,41.87472605705261,0.0065000057220458984
41.878740072250366,41.88434100151062,0.005600929260253906
41.89894413948059,41.90165424346924,0.002710103988647461
41.90804624557495,41.91714692115784,0.009100675582885742
41.91783928871155,41.924790143966675,0.006950855255126953
41.92706894874573,41.933823108673096,0.006754159927368164
41.94996404647827,41.95495319366455,0.004989147186279297
41.95821022987366,41.96625804901123,0.008047819137573242
41.96892499923706,41.973544120788574,0.004619121551513672
41.977328062057495,41.985966205596924,0.008638143539428711
41.9998242855072,42.005500078201294,0.005675792694091797
42.00881004333496,42.01647710800171,0.007667064666748047
42.0185182094574,42.024518966674805,0.0060007572174072266
42.02831506729126,42.03398513793945,0.005670070648193359
42.04987812042236,42.05522012710571,0.005342006683349609
42.058537006378174,42.06438994407654,0.005852937698364258
42.067639112472534,42.07576298713684,0.00812387466430664
42.078792095184326,42.091546297073364,0.012754201889038086
42.0998101234436,42.10887098312378,0.009060859680175781
42.108819007873535,42.113994121551514,0.005175113677978516
42.11775493621826,42.126238107681274,0.008483171463012695
42.1286940574646,42.13905310630798,0.010359048843383789
42.15009117126465,42.16368532180786,0.01359415054321289
42.159157037734985,42.1645781993866,0.005421161651611328
42.16787314414978,42.1718590259552,0.003985881805419922
42.178142070770264,42.18537092208862,0.007228851318359375
42.1999351978302,42.20794200897217,0.008006811141967773
42.208712100982666,42.21129107475281,0.0025789737701416016
42.217167139053345,42.22304010391235,0.005872964859008789
42.22850799560547,42.23356819152832,0.0050601959228515625
42.24961519241333,42.25817513465881,0.008559942245483398
42.25918388366699,42.27361226081848,0.014428377151489258
42.26881408691406,42.277353048324585,0.008538961410522461
42.27722907066345,42.28445601463318,0.0072269439697265625
42.300100326538086,42.307984352111816,0.007884025573730469
42.30902624130249,42.31581497192383,0.006788730621337891
42.31809997558594,42.32698702812195,0.008887052536010742
42.327723026275635,42.333781003952026,0.0060579776763916016
42.349977254867554,42.35569429397583,0.005717039108276367
42.35813117027283,42.365599155426025,0.007467985153198242
42.36723303794861,42.373945236206055,0.006712198257446289
42.377801179885864,42.38675117492676,0.008949995040893555
42.400049924850464,42.406245946884155,0.006196022033691406
42.408719301223755,42.41757917404175,0.008859872817993164
42.41861820220947,42.425557136535645,0.006938934326171875
42.42798113822937,42.43239402770996,0.00441288948059082
42.44949507713318,42.45522212982178,0.005727052688598633
42.45901393890381,42.46330714225769,0.004293203353881836
42.46795201301575,42.47552704811096,0.007575035095214844
42.47824215888977,42.48347234725952,0.0052301883697509766
42.501466274261475,42.515419006347656,0.01395273208618164
42.509541273117065,42.521886110305786,0.012344837188720703
42.51835513114929,42.52601909637451,0.0076639652252197266
42.528003215789795,42.53675818443298,0.008754968643188477
42.55015301704407,42.55970525741577,0.009552240371704102
42.55794620513916,42.56218409538269,0.0042378902435302734
42.56788206100464,42.572694063186646,0.004812002182006836
42.57810425758362,42.58605909347534,0.007954835891723633
42.599884033203125,42.609814167022705,0.009930133819580078
42.609302043914795,42.61555624008179,0.0062541961669921875
42.617940187454224,42.62276315689087,0.004822969436645508
42.628183126449585,42.63564705848694,0.007463932037353516
42.6499981880188,42.659027099609375,0.009028911590576172
42.657737016677856,42.661360025405884,0.0036230087280273438
42.66782021522522,42.673845052719116,0.006024837493896484
42.67826795578003,42.68494915962219,0.006681203842163086
42.6996009349823,42.703983306884766,0.00438237190246582
42.70865511894226,42.71545600891113,0.00680088996887207
42.71774506568909,42.7253839969635,0.0076389312744140625
42.72807812690735,42.73396611213684,0.0058879852294921875
42.749635219573975,42.75674510002136,0.007109880447387695
42.7585711479187,42.76483416557312,0.006263017654418945
42.76825928688049,42.77443790435791,0.006178617477416992
42.778462171554565,42.79256725311279,0.014105081558227539
42.8000762462616,42.803956031799316,0.0038797855377197266
42.808494091033936,42.81365895271301,0.0051648616790771484
42.8181631565094,42.82157802581787,0.0034148693084716797
42.82827019691467,42.833752155303955,0.0054819583892822266
42.84974431991577,42.85757613182068,0.007831811904907227
42.858782052993774,42.86712098121643,0.00833892822265625
42.86856198310852,42.87449502944946,0.005933046340942383
42.87791705131531,42.885804176330566,0.007887125015258789
42.90152192115784,42.90689420700073,0.005372285842895508
42.90926694869995,42.91649913787842,0.007232189178466797
42.91879415512085,42.92589211463928,0.007097959518432617
42.9279260635376,42.93240308761597,0.004477024078369141
42.94928002357483,42.95287203788757,0.0035920143127441406
42.95861315727234,42.96662998199463,0.008016824722290039
42.96791911125183,42.97518014907837,0.007261037826538086
42.97864103317261,42.98533010482788,0.0066890716552734375
43.00011706352234,43.00945591926575,0.009338855743408203
43.008933305740356,43.01168918609619,0.002755880355834961
43.01785111427307,43.025689125061035,0.007838010787963867
43.02820897102356,43.03394317626953,0.00573420524597168
43.04919719696045,43.057560205459595,0.008363008499145508
43.05859899520874,43.06450319290161,0.005904197692871094
43.06861400604248,43.0742871761322,0.00567317008972168
43.077723026275635,43.085578203201294,0.00785517692565918
43.099730014801025,43.10546016693115,0.005730152130126953
43.108238220214844,43.11578702926636,0.007548809051513672
43.118104219436646,43.12494921684265,0.006844997406005859
43.12828803062439,43.13748621940613,0.009198188781738281
43.150099992752075,43.15449023246765,0.004390239715576172
43.158767223358154,43.16414713859558,0.005379915237426758
43.16873502731323,43.17768716812134,0.008952140808105469
43.17842221260071,43.18650412559509,0.008081912994384766
43.200485944747925,43.20770215988159,0.007216215133666992
43.20788526535034,43.211042165756226,0.003156900405883789
43.2201201915741,43.23111319541931,0.010993003845214844
43.228761196136475,43.23610019683838,0.007339000701904297
43.249439001083374,43.25782918930054,0.008390188217163086
43.25775599479675,43.26218032836914,0.004424333572387695
43.26782011985779,43.27356505393982,0.00574493408203125
43.27803111076355,43.28556704521179,0.0075359344482421875
43.30007314682007,43.30444407463074,0.004370927810668945
43.30885720252991,43.31603217124939,0.007174968719482422
43.31818509101868,43.320987939834595,0.0028028488159179688
43.328773975372314,43.33400201797485,0.0052280426025390625
43.349873065948486,43.35836720466614,0.008494138717651367
43.35856914520264,43.36263608932495,0.004066944122314453
43.36814904212952,43.37437605857849,0.006227016448974609
43.37769031524658,43.3843469619751,0.006656646728515625
43.400514125823975,43.40824913978577,0.007735013961791992
43.408945083618164,43.41168427467346,0.0027391910552978516
43.41851234436035,43.424002170562744,0.005489826202392578
43.42785310745239,43.431469202041626,0.0036160945892333984
43.450101137161255,43.45503330230713,0.0049321651458740234
43.459044218063354,43.461891174316406,0.002846956253051758
43.46792817115784,43.475351095199585,0.007422924041748047
43.47824311256409,43.49271297454834,0.01446986198425293
43.49934220314026,43.506813049316406,0.007470846176147461
43.508005142211914,43.5163369178772,0.008331775665283203
43.51750111579895,43.522876024246216,0.005374908447265625
43.52724003791809,43.53234624862671,0.005106210708618164
43.549705028533936,43.55414605140686,0.004441022872924805
43.559487104415894,43.56238412857056,0.002897024154663086
43.56874704360962,43.57458519935608,0.005838155746459961
43.57848000526428,43.58435106277466,0.0058710575103759766
43.60151815414429,43.6111900806427,0.009671926498413086
43.609193086624146,43.62145209312439,0.01225900650024414
43.617666244506836,43.62330603599548,0.005639791488647461
43.62796711921692,43.63290619850159,0.004939079284667969
43.650466203689575,43.657875061035156,0.007408857345581055
43.65859007835388,43.661699295043945,0.0031092166900634766
43.66819214820862,43.67348623275757,0.005294084548950195
43.67801809310913,43.68433213233948,0.00631403923034668
43.699886083602905,43.70842409133911,0.008538007736206055
43.70877504348755,43.71409797668457,0.005322933197021484
43.718775272369385,43.725401163101196,0.0066258907318115234
43.72790813446045,43.735257148742676,0.0073490142822265625
43.75005602836609,43.75421214103699,0.0041561126708984375
43.758753061294556,43.76612305641174,0.0073699951171875
43.768312215805054,43.77418923377991,0.005877017974853516
43.77763795852661,43.78449320793152,0.0068552494049072266
43.79976725578308,43.80835723876953,0.008589982986450195
43.80861020088196,43.81394624710083,0.00533604621887207
43.818297147750854,43.82428598403931,0.0059888362884521484
43.828163146972656,43.83322310447693,0.005059957504272461
43.84967398643494,43.85436820983887,0.004694223403930664
43.858230113983154,43.86547303199768,0.007242918014526367
43.86780905723572,43.875428199768066,0.007619142532348633
43.87787699699402,43.88314127922058,0.0052642822265625
43.899707078933716,43.905648946762085,0.005941867828369141
43.90890192985535,43.917017221450806,0.008115291595458984
43.91821026802063,43.9208562374115,0.0026459693908691406
43.92831492424011,43.93470025062561,0.006385326385498047
43.94928002357483,43.95597815513611,0.006698131561279297
43.95789909362793,43.96538019180298,0.007481098175048828
43.968406200408936,43.973732233047485,0.005326032638549805
43.97716403007507,43.985764265060425,0.008600234985351562
44.000121116638184,44.00542712211609,0.0053060054779052734
44.00880312919617,44.01398301124573,0.005179882049560547
44.018513917922974,44.02556014060974,0.007046222686767578
44.02822995185852,44.03517508506775,0.006945133209228516
44.04927611351013,44.05307126045227,0.003795146942138672
44.06289529800415,44.07205820083618,0.00916290283203125
44.0689799785614,44.07504105567932,0.006061077117919922
44.07874011993408,44.0823860168457,0.0036458969116210938
44.09974002838135,44.104472160339355,0.0047321319580078125
44.10899806022644,44.116642236709595,0.007644176483154297
44.117823123931885,44.127567291259766,0.00974416732788086
44.12890815734863,44.1417920589447,0.012883901596069336
44.149776220321655,44.15352916717529,0.0037529468536376953
44.15879821777344,44.16499423980713,0.006196022033691406
44.16945004463196,44.18389892578125,0.014448881149291992
44.178184032440186,44.18388628959656,0.00570225715637207
44.19989824295044,44.20695209503174,0.007053852081298828
44.2092170715332,44.22001910209656,0.010802030563354492
44.21810221672058,44.221782207489014,0.003679990768432617
44.227171182632446,44.233556032180786,0.006384849548339844
44.25014615058899,44.25555896759033,0.0054128170013427734
44.25958514213562,44.264151096343994,0.0045659542083740234
44.26810598373413,44.275044202804565,0.00693821907043457
44.27881622314453,44.2826042175293,0.003787994384765625
44.301231145858765,44.31049823760986,0.009267091751098633
44.308664083480835,44.315547943115234,0.006883859634399414
44.31788396835327,44.3251678943634,0.007283926010131836
44.32876014709473,44.335055112838745,0.006294965744018555
44.349756956100464,44.356005907058716,0.006248950958251953
44.358487129211426,44.36535310745239,0.006865978240966797
44.367592096328735,44.37663125991821,0.009039163589477539
44.37785816192627,44.3849139213562,0.007055759429931641
44.401533126831055,44.40809416770935,0.0065610408782958984
44.408772230148315,44.41434907913208,0.0055768489837646484
44.41814613342285,44.4261531829834,0.008007049560546875
44.427709102630615,44.432538986206055,0.004829883575439453
44.45012307167053,44.4539852142334,0.003862142562866211
44.45951223373413,44.4656400680542,0.006127834320068359
44.46878123283386,44.47647714614868,0.007695913314819336
44.47774815559387,44.48368000984192,0.005931854248046875
44.50036907196045,44.509379148483276,0.009010076522827148
44.50902724266052,44.51473808288574,0.0057108402252197266
44.51866126060486,44.523128271102905,0.004467010498046875
44.528239250183105,44.53527092933655,0.007031679153442383
44.54926800727844,44.554532289505005,0.0052642822265625
44.55895519256592,44.57280898094177,0.013853788375854492
44.568634271621704,44.57834720611572,0.009712934494018555
44.57746696472168,44.58572292327881,0.008255958557128906
44.59982228279114,44.604438066482544,0.00461578369140625
44.60897612571716,44.62036323547363,0.011387109756469727
44.618927240371704,44.62577223777771,0.006844997406005859
44.62907409667969,44.63384008407593,0.004765987396240234
44.65024709701538,44.662872076034546,0.012624979019165039
44.65842318534851,44.66624593734741,0.007822751998901367
44.66875600814819,44.67618203163147,0.007426023483276367
44.67724108695984,44.683850049972534,0.0066089630126953125
44.70018696784973,44.70580506324768,0.005618095397949219
44.70948314666748,44.715938091278076,0.006454944610595703
44.71835708618164,44.724040031433105,0.005682945251464844
44.7277090549469,44.73531699180603,0.007607936859130859
44.75067710876465,44.757627964019775,0.006950855255126953
44.758602142333984,44.762885332107544,0.00428318977355957
44.76898813247681,44.77436113357544,0.0053730010986328125
44.778149127960205,44.78925800323486,0.011108875274658203
44.800353050231934,44.80714821815491,0.006795167922973633
44.80909514427185,44.82066512107849,0.011569976806640625
44.81925892829895,44.82645106315613,0.007192134857177734
44.82880425453186,44.835193157196045,0.00638890266418457
44.84996509552002,44.85804295539856,0.008077859878540039
44.85953712463379,44.86527609825134,0.005738973617553711
44.868481159210205,44.88351798057556,0.015036821365356445
44.88215613365173,44.890637159347534,0.008481025695800781
44.89975929260254,44.907634973526,0.007875680923461914
44.908783197402954,44.9160692691803,0.00728607177734375
44.91875910758972,44.923360109329224,0.004601001739501953
44.92784810066223,44.93096399307251,0.0031158924102783203
44.94964528083801,44.95346689224243,0.0038216114044189453
44.959333181381226,44.9661021232605,0.006768941879272461
44.968449115753174,44.973005056381226,0.004555940628051758
44.97892904281616,44.981730222702026,0.002801179885864258
45.00024724006653,45.008002281188965,0.0077550411224365234
45.009398221969604,45.0166962146759,0.007297992706298828
45.01824426651001,45.02570700645447,0.007462739944458008
45.02813506126404,45.03419232368469,0.006057262420654297
45.050743103027344,45.05522704124451,0.004483938217163086
45.058977127075195,45.063215255737305,0.004238128662109375
45.068984270095825,45.07538318634033,0.006398916244506836
45.07852292060852,45.0843551158905,0.005832195281982422
45.099971294403076,45.10623908042908,0.0062677860260009766
45.108617067337036,45.11636996269226,0.007752895355224609
45.11741495132446,45.123347997665405,0.005933046340942383
45.127257108688354,45.132930278778076,0.00567317008972168
45.15052127838135,45.15730118751526,0.006779909133911133
45.15877890586853,45.16172122955322,0.002942323684692383
45.16858911514282,45.17662310600281,0.008033990859985352
45.178159952163696,45.18325614929199,0.0050961971282958984
45.199584007263184,45.207502126693726,0.007918119430541992
45.208046197891235,45.21046829223633,0.0024220943450927734
45.21842694282532,45.22430491447449,0.005877971649169922
45.22807502746582,45.23412013053894,0.006045103073120117
45.25062823295593,45.25743913650513,0.006810903549194336
45.25937104225159,45.264299154281616,0.004928112030029297
45.2686243057251,45.274224042892456,0.0055997371673583984
45.27811789512634,45.28495216369629,0.006834268569946289
45.30070614814758,45.31571006774902,0.01500391960144043
45.31090807914734,45.32030701637268,0.009398937225341797
45.31838917732239,45.32251501083374,0.004125833511352539
45.32728409767151,45.33308720588684,0.005803108215332031
45.34987807273865,45.35849714279175,0.008619070053100586
45.35900115966797,45.36342215538025,0.0044209957122802734
45.36871814727783,45.37903022766113,0.010312080383300781
45.378496170043945,45.39029312133789,0.011796951293945312
45.39976620674133,45.40707325935364,0.0073070526123046875
45.40866708755493,45.41388511657715,0.005218029022216797
45.418715953826904,45.42454719543457,0.005831241607666016
45.428487062454224,45.4351282119751,0.0066411495208740234
45.45002198219299,45.457741260528564,0.007719278335571289
45.459150314331055,45.465877056121826,0.006726741790771484
45.46885824203491,45.47571110725403,0.006852865219116211
45.47815418243408,45.485310077667236,0.007155895233154297
45.50049424171448,45.506247997283936,0.005753755569458008
45.509199142456055,45.518434047698975,0.009234905242919922
45.518502950668335,45.52452516555786,0.006022214889526367
45.528388261795044,45.53469800949097,0.0063097476959228516
45.54928517341614,45.55569410324097,0.0064089298248291016
45.558210134506226,45.5640070438385,0.005796909332275391
45.567909240722656,45.57465410232544,0.006744861602783203
45.57801413536072,45.58310008049011,0.005085945129394531
45.60017800331116,45.609567165374756,0.009389162063598633
45.60885405540466,45.613508224487305,0.0046541690826416016
45.61824107170105,45.62415599822998,0.005914926528930664
45.62780404090881,45.63484811782837,0.007044076919555664
45.65015196800232,45.65685319900513,0.006701231002807617
45.65894818305969,45.66564202308655,0.006693840026855469
45.66835427284241,45.67401909828186,0.005664825439453125
45.67792010307312,45.68228626251221,0.004366159439086914
45.70044231414795,45.70818209648132,0.0077397823333740234
45.70944428443909,45.71817398071289,0.008729696273803711
45.71845197677612,45.726073265075684,0.007621288299560547
45.727459192276,45.73715305328369,0.00969386100769043
45.750694036483765,45.75611114501953,0.0054171085357666016
45.7593879699707,45.76761031150818,0.008222341537475586
45.76831007003784,45.77440595626831,0.00609588623046875
45.77837800979614,45.78470516204834,0.006327152252197266
45.800414085388184,45.80738615989685,0.006972074508666992
45.80869007110596,45.81396508216858,0.00527501106262207
45.8185031414032,45.82483530044556,0.0063321590423583984
45.82891607284546,45.83707809448242,0.00816202163696289
45.85063314437866,45.855478048324585,0.0048449039459228516
45.85923790931702,45.86369323730469,0.0044553279876708984
45.86997723579407,45.88537907600403,0.015401840209960938
45.87806797027588,45.88537812232971,0.007310152053833008
45.90060114860535,45.907236099243164,0.006634950637817383
45.90910601615906,45.917797327041626,0.00869131088256836
45.91859006881714,45.92517423629761,0.00658416748046875
45.927680015563965,45.93534231185913,0.007662296295166016
45.9503071308136,45.957133054733276,0.006825923919677734
45.958593130111694,45.967074155807495,0.008481025695800781
45.96859121322632,45.983028173446655,0.014436960220336914
45.978347063064575,45.9830002784729,0.004653215408325195
46.000476121902466,46.00718808174133,0.0067119598388671875
46.00847315788269,46.0166699886322,0.008196830749511719
46.01764798164368,46.02476501464844,0.007117033004760742
46.02786111831665,46.03319215774536,0.0053310394287109375
46.05014610290527,46.05626606941223,0.006119966506958008
46.06222701072693,46.07451415061951,0.012287139892578125
46.068825244903564,46.07732105255127,0.008495807647705078
46.07795310020447,46.084962129592896,0.007009029388427734
46.10057520866394,46.10715293884277,0.006577730178833008
46.108155965805054,46.113972187042236,0.005816221237182617
46.117713928222656,46.124736070632935,0.00702214241027832
46.128623247146606,46.13579297065735,0.0071697235107421875
46.15043902397156,46.15769600868225,0.007256984710693359
46.15915513038635,46.16460919380188,0.005454063415527344
46.172463178634644,46.17884707450867,0.0063838958740234375
46.17908525466919,46.18653392791748,0.007448673248291016
46.20002317428589,46.20853304862976,0.00850987434387207
46.20960593223572,46.21472692489624,0.005120992660522461
46.21859526634216,46.22648310661316,0.007887840270996094
46.22895431518555,46.234806060791016,0.00585174560546875
46.249141216278076,46.25663900375366,0.0074977874755859375
46.25909614562988,46.26436114311218,0.005264997482299805
46.26829504966736,46.27511405944824,0.006819009780883789
46.27786302566528,46.28387212753296,0.006009101867675781
46.29954791069031,46.30733799934387,0.007790088653564453
46.308714151382446,46.31627011299133,0.007555961608886719
46.317742109298706,46.324318170547485,0.006576061248779297
46.32801008224487,46.33455491065979,0.006544828414916992
46.35032916069031,46.35942816734314,0.009099006652832031
46.35888910293579,46.36456823348999,0.005679130554199219
46.367512226104736,46.373881101608276,0.006368875503540039
46.37871813774109,46.38330125808716,0.004583120346069336
46.400790214538574,46.408571004867554,0.007780790328979492
46.40949511528015,46.41453504562378,0.00503993034362793
46.42365598678589,46.433907985687256,0.010251998901367188
46.429195165634155,46.43824005126953,0.009044885635375977
46.44967317581177,46.45639419555664,0.006721019744873047
46.45884299278259,46.47020506858826,0.011362075805664062
46.468303203582764,46.472777128219604,0.00447392463684082
46.478161096572876,46.48472213745117,0.0065610408782958984
46.49956512451172,46.50672006607056,0.007154941558837891
46.50959610939026,46.51420712471008,0.004611015319824219
46.51912021636963,46.52454400062561,0.005423784255981445
46.52859401702881,46.53572726249695,0.0071332454681396484
46.5495822429657,46.5566930770874,0.0071108341217041016
46.55941319465637,46.56563210487366,0.006218910217285156
46.5683810710907,46.578410148620605,0.010029077529907227
46.57869911193848,46.58409810066223,0.005398988723754883
46.600269079208374,46.606051206588745,0.005782127380371094
46.60808610916138,46.61642599105835,0.008339881896972656
46.61871004104614,46.62444233894348,0.005732297897338867
46.629088163375854,46.63503694534302,0.005948781967163086
46.65621995925903,46.66381907463074,0.0075991153717041016
46.65869331359863,46.66384315490723,0.00514984130859375
46.668288230895996,46.67445206642151,0.006163835525512695
46.67904329299927,46.687817096710205,0.0087738037109375
46.69979810714722,46.70541715621948,0.005619049072265625
46.7085120677948,46.71384000778198,0.005327939987182617
46.71723699569702,46.72126817703247,0.004031181335449219
46.731245279312134,46.73933506011963,0.008089780807495117
46.75010418891907,46.7554612159729,0.005357027053833008
46.75982427597046,46.76991105079651,0.010086774826049805
46.76857018470764,46.773810148239136,0.005239963531494141
46.778722047805786,46.783803939819336,0.005081892013549805
46.803601026535034,46.8102490901947,0.006648063659667969
46.80938410758972,46.82064604759216,0.011261940002441406
46.81851816177368,46.82589316368103,0.007375001907348633
46.82890510559082,46.838396072387695,0.009490966796875
46.84983420372009,46.85744595527649,0.007611751556396484
46.859549045562744,46.87096095085144,0.011411905288696289
46.86816120147705,46.87318205833435,0.005020856857299805
46.87771129608154,46.88461232185364,0.0069010257720947266
46.89991092681885,46.908698320388794,0.008787393569946289
46.90812301635742,46.914414167404175,0.00629115104675293
46.91912817955017,46.92409014701843,0.004961967468261719
46.9281702041626,46.9365930557251,0.0084228515625
46.95008325576782,46.95805907249451,0.00797581672668457
46.95952916145325,46.966428995132446,0.006899833679199219
46.968955993652344,46.97562122344971,0.006665229797363281
46.97867131233215,46.98406505584717,0.0053937435150146484
47.000386238098145,47.00726318359375,0.006876945495605469
47.009796142578125,47.01877307891846,0.008976936340332031
47.01853394508362,47.02506399154663,0.006530046463012695
47.02766489982605,47.03561305999756,0.007948160171508789
47.05060625076294,47.05367994308472,0.0030736923217773438
47.05929398536682,47.0678071975708,0.008513212203979492
47.067538022994995,47.07432198524475,0.006783962249755859
47.07829308509827,47.08347010612488,0.005177021026611328
47.10023307800293,47.10597515106201,0.005742073059082031
47.10876131057739,47.118815183639526,0.010053873062133789
47.11891508102417,47.12573313713074,0.006818056106567383
47.12892293930054,47.13719916343689,0.008276224136352539
47.1499810218811,47.15507411956787,0.005093097686767578
47.15846109390259,47.16340732574463,0.004946231842041016
47.16831016540527,47.171271085739136,0.0029609203338623047
47.17798399925232,47.186007261276245,0.008023262023925781
47.19993615150452,47.20788311958313,0.007946968078613281
47.20813703536987,47.215795040130615,0.0076580047607421875
47.21838116645813,47.22904920578003,0.010668039321899414
47.227479219436646,47.232572078704834,0.0050928592681884766
47.250160932540894,47.25969409942627,0.009533166885375977
47.25826692581177,47.2670259475708,0.008759021759033203
47.27002716064453,47.276915073394775,0.006887912750244141
47.278380155563354,47.28494119644165,0.0065610408782958984
47.300605058670044,47.30704593658447,0.006440877914428711
47.30964732170105,47.31747794151306,0.007830619812011719
47.31778311729431,47.32477903366089,0.0069959163665771484
47.32730412483215,47.341421127319336,0.014117002487182617
47.34968614578247,47.35510301589966,0.0054168701171875
47.35922813415527,47.36709904670715,0.007870912551879883
47.36893010139465,47.37507891654968,0.006148815155029297
47.378655195236206,47.388864040374756,0.010208845138549805
47.40393924713135,47.41215705871582,0.008217811584472656
47.40962314605713,47.41509413719177,0.005470991134643555
47.418089151382446,47.42201209068298,0.003922939300537109
47.42793607711792,47.434871196746826,0.00693511962890625
47.44909906387329,47.456629037857056,0.0075299739837646484
47.459731101989746,47.4651939868927,0.0054628849029541016
47.46893334388733,47.47524118423462,0.006307840347290039
47.4780650138855,47.49018716812134,0.012122154235839844
47.50044918060303,47.504191160202026,0.0037419795989990234
47.50976514816284,47.51829814910889,0.008533000946044922
47.518351316452026,47.53085112571716,0.012499809265136719
47.52862215042114,47.5335750579834,0.004952907562255859
47.55057120323181,47.556716203689575,0.006145000457763672
47.55933713912964,47.566681146621704,0.00734400749206543
47.567941188812256,47.5749089717865,0.006967782974243164
47.57838225364685,47.58556413650513,0.007181882858276367
47.600611209869385,47.606314182281494,0.005702972412109375
47.608848333358765,47.61659502983093,0.007746696472167969
47.61881923675537,47.62336325645447,0.00454401969909668
47.62875509262085,47.63420224189758,0.0054471492767333984
47.650710105895996,47.65780425071716,0.007094144821166992
47.659096240997314,47.664942264556885,0.0058460235595703125
47.667856216430664,47.676234006881714,0.008377790451049805
47.67773127555847,47.68624019622803,0.008508920669555664
47.70017218589783,47.70482325553894,0.004651069641113281
47.708879232406616,47.71570611000061,0.006826877593994141
47.718260049819946,47.722997188568115,0.004737138748168945
47.72785711288452,47.73513412475586,0.007277011871337891
47.74993109703064,47.75849723815918,0.008566141128540039
47.759233236312866,47.765143156051636,0.005909919738769531
47.767961263656616,47.77632999420166,0.008368730545043945
47.77870321273804,47.78517723083496,0.006474018096923828
47.800087213516235,47.80715608596802,0.0070688724517822266
47.80789518356323,47.81608033180237,0.008185148239135742
47.81878924369812,47.823983907699585,0.005194664001464844
47.82906126976013,47.83471918106079,0.00565791130065918
47.848912954330444,47.854215145111084,0.0053021907806396484
47.859153032302856,47.86607122421265,0.006918191909790039
47.868380069732666,47.87425112724304,0.0058710575103759766
47.8779730796814,47.88425827026367,0.006285190582275391
47.90056109428406,47.90538311004639,0.0048220157623291016
47.90914011001587,47.91503119468689,0.005891084671020508
47.91858410835266,47.925281047821045,0.006696939468383789
47.92862319946289,47.934096336364746,0.005473136901855469
47.95058012008667,47.95779013633728,0.0072100162506103516
47.95815300941467,47.96420907974243,0.006056070327758789
47.96857929229736,47.97454118728638,0.005961894989013672
47.97885608673096,47.98404312133789,0.005187034606933594
47.99984431266785,48.0048451423645,0.0050008296966552734
48.0086932182312,48.01503801345825,0.006344795227050781
48.018588066101074,48.023956060409546,0.00536799430847168
48.027082204818726,48.03295707702637,0.0058748722076416016
48.04977798461914,48.05802917480469,0.008251190185546875
48.05839419364929,48.06566095352173,0.0072667598724365234
48.06782817840576,48.07690405845642,0.00907588005065918
48.078121185302734,48.08483910560608,0.0067179203033447266
48.100075006484985,48.10224008560181,0.002165079116821289
48.10895609855652,48.11533808708191,0.006381988525390625
48.11757493019104,48.12523818016052,0.007663249969482422
48.127488136291504,48.134239196777344,0.006751060485839844
48.149665117263794,48.15615105628967,0.006485939025878906
48.15846300125122,48.16663718223572,0.00817418098449707
48.167864084243774,48.17217516899109,0.004311084747314453
48.17828416824341,48.183794021606445,0.005509853363037109
48.199565172195435,48.20710515975952,0.007539987564086914
48.20904016494751,48.21438717842102,0.005347013473510742
48.21881103515625,48.22552299499512,0.0067119598388671875
48.22804403305054,48.234419107437134,0.00637507438659668
48.250155210494995,48.25528931617737,0.005134105682373047
48.25857424736023,48.265114307403564,0.006540060043334961
48.26868200302124,48.27517819404602,0.0064961910247802734
48.2774920463562,48.286694049835205,0.009202003479003906
48.29899311065674,48.303192138671875,0.004199028015136719
48.308229207992554,48.31580400466919,0.007574796676635742
48.31729531288147,48.322396993637085,0.005101680755615234
48.32791614532471,48.33409905433655,0.00618290901184082
48.35040903091431,48.35867404937744,0.008265018463134766
48.358004093170166,48.364567041397095,0.006562948226928711
48.36851215362549,48.373608112335205,0.005095958709716797
48.37810206413269,48.3826630115509,0.004560947418212891
48.39943313598633,48.40569519996643,0.006262063980102539
48.40914011001587,48.41552424430847,0.006384134292602539
48.418615102767944,48.425114154815674,0.006499052047729492
48.42832589149475,48.433956146240234,0.0056302547454833984
48.44896697998047,48.451176166534424,0.002209186553955078
48.458901166915894,48.46621012687683,0.0073089599609375
48.46770524978638,48.47467923164368,0.006973981857299805
48.478780031204224,48.483814001083374,0.005033969879150391
48.49988794326782,48.50425910949707,0.004371166229248047
48.5081570148468,48.514538049697876,0.006381034851074219
48.5186550617218,48.52382802963257,0.0051729679107666016
48.528263092041016,48.53320026397705,0.004937171936035156
48.55131220817566,48.56040024757385,0.00908803939819336
48.55813908576965,48.56989026069641,0.011751174926757812
48.568825244903564,48.57534217834473,0.006516933441162109
48.57829713821411,48.58712410926819,0.008826971054077148
48.60056710243225,48.60697102546692,0.006403923034667969
48.609148025512695,48.61610126495361,0.006953239440917969
48.61882710456848,48.624510049819946,0.005682945251464844
48.62788724899292,48.63464307785034,0.006755828857421875
48.64974117279053,48.654025077819824,0.004283905029296875
48.658514976501465,48.6696252822876,0.011110305786132812
48.66765117645264,48.674782037734985,0.007130861282348633
48.67805504798889,48.686707973480225,0.008652925491333008
48.70023727416992,48.70846700668335,0.008229732513427734
48.708524227142334,48.71481513977051,0.006290912628173828
48.7187180519104,48.72681403160095,0.008095979690551758
48.72774815559387,48.735172271728516,0.007424116134643555
48.74976420402527,48.75222206115723,0.002457857131958008
48.758203983306885,48.76789617538452,0.009692192077636719
48.76730918884277,48.773138999938965,0.005829811096191406
48.777666091918945,48.78947997093201,0.011813879013061523
48.79986119270325,48.80561804771423,0.005756855010986328
48.80845808982849,48.814531087875366,0.006072998046875
48.81800031661987,48.82349395751953,0.005493640899658203
48.82786321640015,48.83372211456299,0.005858898162841797
48.849855184555054,48.857556104660034,0.007700920104980469
48.858556032180786,48.86350107192993,0.004945039749145508
48.86828303337097,48.872727155685425,0.004444122314453125
48.87828993797302,48.88688325881958,0.008593320846557617
48.89902424812317,48.91082310676575,0.011798858642578125
48.91002702713013,48.9166259765625,0.006598949432373047
48.91800403594971,48.920735120773315,0.0027310848236083984
48.92830014228821,48.93513822555542,0.006838083267211914
48.9505832195282,48.957478046417236,0.006894826889038086
48.95836925506592,48.96584105491638,0.007471799850463867
48.96814012527466,48.975099086761475,0.006958961486816406
48.97848916053772,48.985448122024536,0.006958961486816406
48.999879121780396,49.00718593597412,0.007306814193725586
49.00838828086853,49.0164999961853,0.008111715316772461
49.01771116256714,49.033265113830566,0.015553951263427734
49.02770805358887,49.03327703475952,0.005568981170654297
49.050353050231934,49.05579209327698,0.005439043045043945
49.05834197998047,49.06728911399841,0.008947134017944336
49.068461179733276,49.07702708244324,0.008565902709960938
49.077150106430054,49.08495593070984,0.007805824279785156
49.0996413230896,49.102561235427856,0.002919912338256836
49.10861110687256,49.12006711959839,0.011456012725830078
49.11827898025513,49.125970125198364,0.007691144943237305
49.12716293334961,49.134727001190186,0.007564067840576172
49.150227069854736,49.156161069869995,0.005934000015258789
49.15843319892883,49.16635298728943,0.007919788360595703
49.16804099082947,49.173449993133545,0.0054090023040771484
49.17846417427063,49.18790912628174,0.009444952011108398
49.19896411895752,49.20380711555481,0.004842996597290039
49.20828819274902,49.21830415725708,0.01001596450805664
49.21893000602722,49.2271192073822,0.008189201354980469
49.22832012176514,49.23658514022827,0.008265018463134766
49.2507381439209,49.2576961517334,0.0069580078125
49.25901818275452,49.268146991729736,0.009128808975219727
49.26834797859192,49.275169134140015,0.006821155548095703
49.278754234313965,49.28647208213806,0.00771784782409668
49.29952001571655,49.30471205711365,0.0051920413970947266
49.309701919555664,49.31626296043396,0.0065610408782958984
49.31831502914429,49.32567501068115,0.007359981536865234
49.32795214653015,49.33421325683594,0.006261110305786133
49.350465059280396,49.35836911201477,0.007904052734375
49.35946822166443,49.37681007385254,0.01734185218811035
49.36916995048523,49.37682318687439,0.007653236389160156
49.37814211845398,49.38337206840515,0.005229949951171875
49.39927005767822,49.40690612792969,0.007636070251464844
49.40807318687439,49.41591000556946,0.00783681869506836
49.41901111602783,49.42494511604309,0.005934000015258789
49.431374311447144,49.43717813491821,0.005803823471069336
49.44966101646423,49.45490002632141,0.005239009857177734
49.45814919471741,49.46554923057556,0.007400035858154297
49.46784019470215,49.472522020339966,0.004681825637817383
49.4783501625061,49.48428297042847,0.005932807922363281
49.50010704994202,49.506715059280396,0.006608009338378906
49.50896596908569,49.514010190963745,0.005044221878051758
49.51864504814148,49.525108098983765,0.006463050842285156
49.52843117713928,49.535236120224,0.006804943084716797
49.550581216812134,49.55862307548523,0.008041858673095703
49.5592200756073,49.56488299369812,0.0056629180908203125
49.56717491149902,49.57603120803833,0.00885629653930664
49.5776572227478,49.583829164505005,0.0061719417572021484
49.601659059524536,49.61167597770691,0.010016918182373047
49.609124183654785,49.613754987716675,0.0046308040618896484
49.618622064590454,49.62432312965393,0.0057010650634765625
49.628366231918335,49.63667631149292,0.008310079574584961
49.649991035461426,49.65460419654846,0.004613161087036133
49.65908408164978,49.66849112510681,0.00940704345703125
49.667694091796875,49.673320055007935,0.00562596321105957
49.67879819869995,49.68446230888367,0.00566411018371582
49.700289249420166,49.70826196670532,0.00797271728515625
49.708434104919434,49.71347713470459,0.00504302978515625
49.71851110458374,49.724303245544434,0.005792140960693359
49.72849702835083,49.74316120147705,0.014664173126220703
49.7498939037323,49.75694227218628,0.007048368453979492
49.75892519950867,49.76661729812622,0.007692098617553711
49.767845153808594,49.77423310279846,0.006387948989868164
49.777596950531006,49.78160810470581,0.0040111541748046875
49.80060291290283,49.8057861328125,0.005183219909667969
49.8083872795105,49.81873917579651,0.010351896286010742
49.818053245544434,49.82420015335083,0.006146907806396484
49.82769203186035,49.83219003677368,0.004498004913330078
49.850117921829224,49.85623097419739,0.0061130523681640625
49.85856318473816,49.87030625343323,0.01174306869506836
49.86861610412598,49.877634048461914,0.0090179443359375
49.878355979919434,49.8842351436615,0.00587916374206543
49.89900803565979,49.907979011535645,0.008970975875854492
49.90868902206421,49.915619134902954,0.006930112838745117
49.917799949645996,49.9247612953186,0.006961345672607422
49.92738318443298,49.93312215805054,0.005738973617553711
49.950194120407104,49.966817140579224,0.01662302017211914
49.95939898490906,49.96671223640442,0.007313251495361328
49.967971086502075,49.97461724281311,0.006646156311035156
49.97798991203308,49.980719327926636,0.0027294158935546875
49.99929094314575,50.00579214096069,0.006501197814941406
50.00803303718567,50.01364994049072,0.005616903305053711
50.019060134887695,50.02452516555786,0.005465030670166016
50.02763819694519,50.0496551990509,0.02201700210571289
50.04977107048035,50.056618213653564,0.0068471431732177734
50.05821108818054,50.0651741027832,0.006963014602661133
50.06818699836731,50.071906089782715,0.0037190914154052734
50.07852816581726,50.085456132888794,0.006927967071533203
50.09908103942871,50.10481309890747,0.005732059478759766
50.10898017883301,50.11202621459961,0.0030460357666015625
50.11813998222351,50.129568099975586,0.011428117752075195
50.129050970077515,50.137450218200684,0.008399248123168945
50.14918613433838,50.156238079071045,0.007051944732666016
50.15829110145569,50.16574501991272,0.00745391845703125
50.16812705993652,50.17495012283325,0.006823062896728516
50.1783401966095,50.18418622016907,0.0058460235595703125
50.199055194854736,50.20879507064819,0.009739875793457031
50.20821714401245,50.215694189071655,0.0074770450592041016
50.21823024749756,50.2215690612793,0.0033388137817382812
50.22799324989319,50.23397517204285,0.005981922149658203
50.25006604194641,50.25532507896423,0.005259037017822266
50.25869011878967,50.2641282081604,0.005438089370727539
50.26858305931091,50.27527713775635,0.00669407844543457
50.27761793136597,50.2863712310791,0.008753299713134766
50.29982328414917,50.30628323554993,0.006459951400756836
50.308736085891724,50.317031145095825,0.008295059204101562
50.318488121032715,50.323628187179565,0.005140066146850586
50.3286771774292,50.33502697944641,0.006349802017211914
50.3500611782074,50.35873007774353,0.008668899536132812
50.358503103256226,50.365992069244385,0.00748896598815918
50.3673312664032,50.36972904205322,0.002397775650024414
50.37803602218628,50.38220405578613,0.004168033599853516
50.39967703819275,50.40679097175598,0.007113933563232422
50.40906119346619,50.413841009140015,0.004779815673828125
50.4177622795105,50.42504024505615,0.007277965545654297
50.4275689125061,50.43401312828064,0.006444215774536133
50.450095891952515,50.45891809463501,0.008822202682495117
50.457958936691284,50.460506200790405,0.0025472640991210938
50.46869516372681,50.473896980285645,0.005201816558837891
50.47854709625244,50.48557710647583,0.007030010223388672
50.49995398521423,50.50930619239807,0.00935220718383789
50.50841403007507,50.515223264694214,0.006809234619140625
50.517818212509155,50.525306224823,0.0074880123138427734
50.5280179977417,50.53455591201782,0.006537914276123047
50.55017709732056,50.555702209472656,0.005525112152099609
50.55958318710327,50.56420016288757,0.004616975784301758
50.56879496574402,50.57410907745361,0.0053141117095947266
50.57848000526428,50.582672357559204,0.004192352294921875
50.599997997283936,50.60361194610596,0.0036139488220214844
50.60938811302185,50.61547923088074,0.006091117858886719
50.61831307411194,50.623380184173584,0.005067110061645508
50.62778615951538,50.63239407539368,0.0046079158782958984
50.64885401725769,50.65382719039917,0.004973173141479492
50.65875005722046,50.666431188583374,0.007681131362915039
50.667710065841675,50.67649006843567,0.00878000259399414
50.6778130531311,50.684783935546875,0.006970882415771484
50.70042014122009,50.7076780796051,0.007257938385009766
50.70781397819519,50.713993072509766,0.006179094314575195
50.718685150146484,50.72441506385803,0.0057299137115478516
50.72781014442444,50.73462414741516,0.006814002990722656
50.75013709068298,50.754741191864014,0.0046041011810302734
50.758249044418335,50.765883922576904,0.007634878158569336
50.768511056900024,50.77518320083618,0.0066721439361572266
50.77747631072998,50.79298806190491,0.015511751174926758
50.7999210357666,50.80627799034119,0.006356954574584961
50.80812120437622,50.816686153411865,0.008564949035644531
50.8179190158844,50.82364821434021,0.005729198455810547
50.8279869556427,50.833983182907104,0.005996227264404297
50.850465059280396,50.85769510269165,0.007230043411254883
50.85912299156189,50.863656997680664,0.004534006118774414
50.86834692955017,50.87630319595337,0.007956266403198242
50.877570152282715,50.885308027267456,0.007737874984741211
50.89928603172302,50.90415120124817,0.004865169525146484
50.908766984939575,50.92238903045654,0.013622045516967773
50.91856527328491,50.925013065338135,0.006447792053222656
50.927791118621826,50.93367624282837,0.005885124206542969
50.950085163116455,50.95692014694214,0.006834983825683594
50.95884394645691,50.96548509597778,0.0066411495208740234
50.96811509132385,50.975136041641235,0.0070209503173828125
50.97878932952881,50.99681806564331,0.018028736114501953
51.000248193740845,51.01116919517517,0.010921001434326172
51.009178161621094,51.01903414726257,0.009855985641479492
51.01840424537659,51.02715516090393,0.00875091552734375
51.028619050979614,51.03868126869202,0.010062217712402344
51.0497031211853,51.05537414550781,0.005671024322509766
51.05865716934204,51.06389617919922,0.005239009857177734
51.06824517250061,51.07284116744995,0.00459599494934082
51.07761001586914,51.085007190704346,0.007397174835205078
51.09984517097473,51.107890129089355,0.008044958114624023
51.10814714431763,51.1106231212616,0.0024759769439697266
51.119001150131226,51.12413501739502,0.005133867263793945
51.12822103500366,51.134010314941406,0.005789279937744141
51.149763107299805,51.15479922294617,0.005036115646362305
51.159003019332886,51.16609311103821,0.007090091705322266
51.1686270236969,51.17403721809387,0.005410194396972656
51.17832016944885,51.183879137039185,0.005558967590332031
51.200478076934814,51.20867729187012,0.008199214935302734
51.20827603340149,51.21549391746521,0.007217884063720703
51.21822214126587,51.22487926483154,0.006657123565673828
51.22846508026123,51.23480010032654,0.006335020065307617
51.250086069107056,51.25702404975891,0.006937980651855469
51.25849199295044,51.264427185058594,0.005935192108154297
51.267964124679565,51.2747540473938,0.0067899227142333984
51.27815008163452,51.28515410423279,0.0070040225982666016
51.299976110458374,51.30602502822876,0.006048917770385742
51.30876803398132,51.31327223777771,0.004504203796386719
51.31905794143677,51.324784994125366,0.005727052688598633
51.32836198806763,51.33579111099243,0.0074291229248046875
51.35031199455261,51.356229305267334,0.00591731071472168
51.35870122909546,51.36489415168762,0.006192922592163086
51.36829113960266,51.37482500076294,0.00653386116027832
51.3772931098938,51.38218808174133,0.00489497184753418
51.40051794052124,51.40557599067688,0.0050580501556396484
51.40918302536011,51.41783618927002,0.00865316390991211
51.417320013046265,51.424638986587524,0.007318973541259766
51.42848515510559,51.433940172195435,0.00545501708984375
51.45054817199707,51.457759141922,0.007210969924926758
51.45918798446655,51.46376824378967,0.004580259323120117
51.46769428253174,51.4737012386322,0.006006956100463867
51.47766423225403,51.48511004447937,0.007445812225341797
51.49919414520264,51.50582003593445,0.0066258907318115234
51.5082950592041,51.51514720916748,0.006852149963378906
51.51773500442505,51.523903131484985,0.0061681270599365234
51.52732515335083,51.53437900543213,0.007053852081298828
51.55008411407471,51.55614900588989,0.006064891815185547
51.558948278427124,51.5619101524353,0.002961874008178711
51.56768012046814,51.573493003845215,0.005812883377075195
51.57866907119751,51.5852370262146,0.006567955017089844
51.60033631324768,51.609206199645996,0.00886988639831543
51.60910511016846,51.615293979644775,0.006188869476318359
51.61780834197998,51.633723974227905,0.015915632247924805
51.63026213645935,51.63794708251953,0.007684946060180664
51.64930701255798,51.65497827529907,0.005671262741088867
51.658549070358276,51.66585612297058,0.0073070526123046875
51.668720960617065,51.671823263168335,0.0031023025512695312
51.67793607711792,51.69100308418274,0.013067007064819336
51.69975209236145,51.705353021621704,0.005600929260253906
51.70908498764038,51.713826179504395,0.004741191864013672
51.71885323524475,51.72669696807861,0.007843732833862305
51.72846698760986,51.73673415184021,0.00826716423034668
51.749531984329224,51.75871920585632,0.00918722152709961
51.759143114089966,51.76682925224304,0.007686138153076172
51.768052101135254,51.776435136795044,0.008383035659790039
51.77805018424988,51.78398394584656,0.0059337615966796875
51.800172090530396,51.806666135787964,0.006494045257568359
51.808746099472046,51.81617021560669,0.007424116134643555
51.8187141418457,51.82437515258789,0.0056610107421875
51.82856297492981,51.837011098861694,0.008448123931884766
51.8501079082489,51.86361026763916,0.013502359390258789
51.85953998565674,51.866947174072266,0.007407188415527344
51.868250131607056,51.879080057144165,0.010829925537109375
51.87838006019592,51.88539409637451,0.007014036178588867
51.89969205856323,51.90810298919678,0.008410930633544922
51.908629179000854,51.920788049697876,0.012158870697021484
51.91784405708313,51.9224112033844,0.004567146301269531
51.92880916595459,51.934653997421265,0.005844831466674805
51.94974327087402,51.95702624320984,0.00728297233581543
51.95891213417053,51.96613311767578,0.0072209835052490234
51.968430280685425,51.9766161441803,0.008185863494873047
51.97734618186951,51.98418617248535,0.0068399906158447266
52.000312089920044,52.0066032409668,0.00629115104675293
52.00942325592041,52.01629018783569,0.006866931915283203
52.01899027824402,52.02783703804016,0.008846759796142578
52.02849793434143,52.034414291381836,0.0059163570404052734
52.0500271320343,52.06204009056091,0.012012958526611328
52.06044816970825,52.06648302078247,0.00603485107421875
52.06779599189758,52.07627201080322,0.008476018905639648
52.07864212989807,52.08630728721619,0.007665157318115234
52.1001980304718,52.10500717163086,0.004809141159057617
52.10881805419922,52.11714792251587,0.00832986831665039
52.11776900291443,52.12483215332031,0.007063150405883789
52.12859225273132,52.13529920578003,0.006706953048706055
52.14976692199707,52.157296895980835,0.0075299739837646484
52.15870022773743,52.16645407676697,0.007753849029541016
52.16874814033508,52.17752814292908,0.00878000259399414
52.177653074264526,52.18478012084961,0.007127046585083008
52.19921588897705,52.210782051086426,0.011566162109375
52.20990800857544,52.21550226211548,0.0055942535400390625
52.21887493133545,52.226704359054565,0.007829427719116211
52.2281060218811,52.23399519920349,0.005889177322387695
52.25035119056702,52.25587725639343,0.005526065826416016
52.25888705253601,52.267306089401245,0.008419036865234375
52.26916003227234,52.27386021614075,0.004700183868408203
52.27855920791626,52.29354119300842,0.014981985092163086
52.30013704299927,52.30922293663025,0.009085893630981445
52.309380292892456,52.31646013259888,0.0070798397064208984
52.31779718399048,52.322876930236816,0.005079746246337891
52.32899713516235,52.33338928222656,0.004392147064208984
52.35001516342163,52.35422492027283,0.004209756851196289
52.35879421234131,52.36621117591858,0.007416963577270508
52.36875605583191,52.37615489959717,0.007398843765258789
52.37819290161133,52.38435411453247,0.006161212921142578
52.401715993881226,52.406803131103516,0.005087137222290039
52.40858602523804,52.418381214141846,0.009795188903808594
52.418031215667725,52.42424201965332,0.006210803985595703
52.42825198173523,52.436912059783936,0.008660078048706055
52.45034193992615,52.45874214172363,0.008400201797485352
52.458211183547974,52.46241116523743,0.004199981689453125
52.46876907348633,52.474860191345215,0.006091117858886719
52.478169202804565,52.485053062438965,0.006883859634399414
52.50031805038452,52.50781226158142,0.007494211196899414
52.50940918922424,52.51672911643982,0.007319927215576172
52.518182039260864,52.5255172252655,0.007335186004638672
52.528600215911865,52.53509211540222,0.006491899490356445
52.54984521865845,52.55519413948059,0.005348920822143555
52.55915188789368,52.56609630584717,0.006944417953491211
52.568608045578,52.57367920875549,0.005071163177490234
52.57775115966797,52.581860303878784,0.00410914421081543
52.619441986083984,52.630168199539185,0.010726213455200195
52.61944508552551,52.630187034606934,0.010741949081420898
52.61967420578003,52.625795125961304,0.006120920181274414
52.62837219238281,52.6330840587616,0.00471186637878418
52.64981412887573,52.65654516220093,0.0067310333251953125
52.659680128097534,52.66799020767212,0.008310079574584961
52.66881012916565,52.68185615539551,0.013046026229858398
52.678550243377686,52.68928909301758,0.010738849639892578
52.69998502731323,52.70466899871826,0.004683971405029297
52.7094190120697,52.74187517166138,0.032456159591674805
52.73863410949707,52.747251987457275,0.008617877960205078
52.73868012428284,52.747281074523926,0.008600950241088867
52.749788999557495,52.758800983428955,0.009011983871459961
52.75865030288696,52.77129411697388,0.012643814086914062
52.76801896095276,52.77615308761597,0.008134126663208008
52.7785542011261,52.78712201118469,0.00856781005859375
52.805604219436646,52.814436197280884,0.008831977844238281
52.809537172317505,52.817660093307495,0.008122920989990234
52.818655014038086,52.826257944107056,0.0076029300689697266
52.82810616493225,52.8364360332489,0.00832986831665039
52.8501501083374,52.85436391830444,0.004213809967041016
52.858633041381836,52.86575508117676,0.007122039794921875
52.86839008331299,52.875556230545044,0.007166147232055664
52.881274938583374,52.88717603683472,0.0059010982513427734
52.899949073791504,52.90359926223755,0.003650188446044922
52.90913701057434,52.91650414466858,0.007367134094238281
52.91855216026306,52.93397831916809,0.015426158905029297
52.928720235824585,52.93398404121399,0.005263805389404297
52.9497549533844,52.956876039505005,0.007121086120605469
52.95803499221802,52.961101055145264,0.0030660629272460938
52.96833324432373,52.97506523132324,0.006731986999511719
52.978333950042725,52.98536205291748,0.007028102874755859
53.00068116188049,53.00769519805908,0.007014036178588867
53.00906825065613,53.01592397689819,0.00685572624206543
53.018423080444336,53.02616500854492,0.0077419281005859375
53.029062032699585,53.03533601760864,0.006273984909057617
53.05040001869202,53.05879521369934,0.008395195007324219
53.058412075042725,53.06261730194092,0.004205226898193359
53.0676851272583,53.074687004089355,0.0070018768310546875
53.078665018081665,53.08420729637146,0.005542278289794922
53.099053144454956,53.103257179260254,0.0042040348052978516
53.107892990112305,53.11383509635925,0.005942106246948242
53.11798930168152,53.12439727783203,0.006407976150512695
53.12816119194031,53.134138345718384,0.005977153778076172
53.15000820159912,53.156140089035034,0.006131887435913086
53.158671140670776,53.16542601585388,0.006754875183105469
53.168681144714355,53.19097709655762,0.02229595184326172
53.18372893333435,53.198453187942505,0.014724254608154297
53.199774980545044,53.206027030944824,0.0062520503997802734
53.20880603790283,53.213669300079346,0.004863262176513672
53.21852111816406,53.22514224052429,0.006621122360229492
53.228858947753906,53.23430824279785,0.0054492950439453125
53.24962019920349,53.25710415840149,0.007483959197998047
53.25868606567383,53.267723083496094,0.009037017822265625
53.268537282943726,53.275880098342896,0.007342815399169922
53.278603076934814,53.28386211395264,0.005259037017822266
53.29993033409119,53.31059718132019,0.010666847229003906
53.309412240982056,53.316877126693726,0.007464885711669922
53.31873917579651,53.33283996582031,0.014100790023803711
53.32781505584717,53.33282208442688,0.005007028579711914
53.3500440120697,53.356560945510864,0.006516933441162109
53.359323024749756,53.36625123023987,0.006928205490112305
53.3680100440979,53.374566078186035,0.006556034088134766
53.37811017036438,53.38423204421997,0.00612187385559082
53.40003323554993,53.405113220214844,0.005079984664916992
53.4090051651001,53.41705918312073,0.008054018020629883
53.41847109794617,53.42414331436157,0.0056722164154052734
53.428317070007324,53.43433618545532,0.006019115447998047
53.45017600059509,53.463834285736084,0.013658285140991211
53.45873308181763,53.463858127593994,0.0051250457763671875
53.468563079833984,53.474889039993286,0.006325960159301758
53.478315114974976,53.48425102233887,0.0059359073638916016
53.49980115890503,53.50859022140503,0.0087890625
53.50895023345947,53.51462507247925,0.005674839019775391
53.51829504966736,53.52267026901245,0.0043752193450927734
53.52876019477844,53.53498601913452,0.0062258243560791016
53.549976110458374,53.55539321899414,0.0054171085357666016
53.55895400047302,53.5650110244751,0.006057024002075195
53.56865215301514,53.57264590263367,0.0039937496185302734
53.577414989471436,53.58162212371826,0.004207134246826172
53.60024809837341,53.60599112510681,0.0057430267333984375
53.6088650226593,53.61449408531189,0.005629062652587891
53.61890697479248,53.62524604797363,0.006339073181152344
53.628939151763916,53.63693594932556,0.007996797561645508
53.650710105895996,53.65671420097351,0.0060040950775146484
53.65928602218628,53.66761612892151,0.008330106735229492
53.66897916793823,53.674458265304565,0.005479097366333008
53.682246923446655,53.68842816352844,0.006181240081787109
53.70026397705078,53.71122908592224,0.010965108871459961
53.709052085876465,53.7169291973114,0.007877111434936523
53.719228982925415,53.72368001937866,0.00445103645324707
53.72855091094971,53.732927083969116,0.00437617301940918
53.751190185546875,53.76377201080322,0.012581825256347656
53.75933504104614,53.76754808425903,0.008213043212890625
53.76772713661194,53.77518701553345,0.007459878921508789
53.77908110618591,53.78737711906433,0.008296012878417969
53.800323247909546,53.80690407752991,0.006580829620361328
53.80905723571777,53.81971526145935,0.010658025741577148
53.81818199157715,53.8269829750061,0.008800983428955078
53.82813811302185,53.83377003669739,0.005631923675537109
53.85031819343567,53.856473207473755,0.0061550140380859375
53.8635630607605,53.87248206138611,0.008919000625610352
53.8683180809021,53.873969078063965,0.005650997161865234
53.878249168395996,53.88260221481323,0.004353046417236328
53.90086913108826,53.90680813789368,0.005939006805419922
53.90942907333374,53.915128231048584,0.00569915771484375
53.91830921173096,53.92769813537598,0.009388923645019531
53.92814803123474,53.93877410888672,0.010626077651977539
53.95019721984863,53.956242084503174,0.006044864654541016
53.95873212814331,53.966289043426514,0.007556915283203125
53.96870422363281,53.9759042263031,0.007200002670288086
53.9782772064209,53.98411703109741,0.005839824676513672
54.00037097930908,54.00939607620239,0.009025096893310547
54.00939702987671,54.015780210494995,0.006383180618286133
54.019002199172974,54.02762031555176,0.00861811637878418
54.02800107002258,54.03466200828552,0.006660938262939453
54.04915714263916,54.05671811103821,0.0075609683990478516
54.05826997756958,54.0657422542572,0.00747227668762207
54.069080114364624,54.07801294326782,0.008932828903198242
54.07783102989197,54.085479974746704,0.007648944854736328
54.09933400154114,54.10592222213745,0.0065882205963134766
54.10954713821411,54.117380142211914,0.007833003997802734
54.11863994598389,54.12376928329468,0.005129337310791016
54.128474950790405,54.13512110710144,0.006646156311035156
54.1503849029541,54.15833306312561,0.007948160171508789
54.15881109237671,54.1653470993042,0.006536006927490234
54.169135332107544,54.1758348941803,0.006699562072753906
54.17820119857788,54.18537092208862,0.0071697235107421875
54.20124125480652,54.20804214477539,0.00680088996887207
54.208280086517334,54.21642708778381,0.008147001266479492
54.219072103500366,54.23009896278381,0.011026859283447266
54.228261947631836,54.23236894607544,0.004106998443603516
54.24912214279175,54.260294914245605,0.011172771453857422
54.258695125579834,54.262775182724,0.004080057144165039
54.26821708679199,54.274636030197144,0.006418943405151367
54.278457164764404,54.282209157943726,0.003751993179321289
54.2999529838562,54.30322003364563,0.003267049789428711
54.30880808830261,54.31464409828186,0.005836009979248047
54.31805610656738,54.323129177093506,0.005073070526123047
54.328108072280884,54.34014010429382,0.012032032012939453
54.35029625892639,54.359452962875366,0.00915670394897461
54.358649253845215,54.36162519454956,0.002975940704345703
54.3681743144989,54.373039960861206,0.0048656463623046875
54.378014087677,54.3821918964386,0.00417780876159668
54.40000534057617,54.40620398521423,0.0061986446380615234
54.40899109840393,54.41614818572998,0.007157087326049805
54.41830515861511,54.42407202720642,0.005766868591308594
54.427457094192505,54.43650412559509,0.00904703140258789
54.44986915588379,54.454694986343384,0.0048258304595947266
54.45905423164368,54.46593689918518,0.006882667541503906
54.468138217926025,54.477535009384155,0.009396791458129883
54.477580070495605,54.48344707489014,0.00586700439453125
54.49914503097534,54.507360219955444,0.008215188980102539
54.508565187454224,54.513360261917114,0.004795074462890625
54.517967224121094,54.52140712738037,0.0034399032592773438
54.52852511405945,54.53542709350586,0.006901979446411133
54.55005717277527,54.55750608444214,0.007448911666870117
54.55836009979248,54.565930128097534,0.007570028305053711
54.56818222999573,54.57750916481018,0.009326934814453125
54.5785551071167,54.584179162979126,0.005624055862426758
54.600244998931885,54.60848808288574,0.008243083953857422
54.609062910079956,54.61174011230469,0.0026772022247314453
54.61798810958862,54.623810052871704,0.005821943283081055
54.627363204956055,54.632413148880005,0.005049943923950195
54.64962410926819,54.65800499916077,0.008380889892578125
54.6579852104187,54.66531801223755,0.007332801818847656
54.66809296607971,54.673527240753174,0.005434274673461914
54.67851805686951,54.68549418449402,0.006976127624511719
54.69898200035095,54.70438623428345,0.005404233932495117
54.7075572013855,54.71280908584595,0.005251884460449219
54.71734619140625,54.72214722633362,0.004801034927368164
54.72774815559387,54.73109316825867,0.003345012664794922
54.74950814247131,54.75666117668152,0.007153034210205078
54.75906014442444,54.76462435722351,0.005564212799072266
54.768243074417114,54.7710862159729,0.002843141555786133
54.778051137924194,54.78347110748291,0.00541996955871582
54.79937696456909,54.80715203285217,0.007775068283081055
54.80815505981445,54.81372117996216,0.005566120147705078
54.81734013557434,54.82258915901184,0.0052490234375
54.828463315963745,54.83442425727844,0.005960941314697266
54.849929094314575,54.85730004310608,0.007370948791503906
54.857990980148315,54.86085510253906,0.0028641223907470703
54.868399143218994,54.874797105789185,0.00639796257019043
54.87716722488403,54.88524508476257,0.008077859878540039
54.8989782333374,54.90166997909546,0.0026917457580566406
54.90922498703003,54.91543006896973,0.006205081939697266
54.917739152908325,54.92730116844177,0.009562015533447266
54.928375244140625,54.94027495384216,0.011899709701538086
54.94942903518677,54.95481014251709,0.005381107330322266
54.95790910720825,54.96461510658264,0.0067059993743896484
54.96807312965393,54.972538232803345,0.0044651031494140625
54.97860407829285,54.98307728767395,0.004473209381103516
54.99969410896301,55.00513005256653,0.005435943603515625
55.00903606414795,55.014715909957886,0.0056798458099365234
55.01868224143982,55.02556800842285,0.0068857669830322266
55.028372049331665,55.03607511520386,0.007703065872192383
55.0493950843811,55.05597901344299,0.0065839290618896484
55.05877614021301,55.06940412521362,0.010627985000610352
55.06792211532593,55.07281422615051,0.004892110824584961
55.077805280685425,55.0859169960022,0.008111715316772461
55.09905409812927,55.10956907272339,0.010514974594116211
55.10925817489624,55.114970207214355,0.005712032318115234
55.11828422546387,55.126235008239746,0.007950782775878906
55.1272451877594,55.1328661441803,0.0056209564208984375
55.14929699897766,55.15704107284546,0.0077440738677978516
55.15799808502197,55.163172245025635,0.005174160003662109
55.16766595840454,55.17232418060303,0.004658222198486328
55.17725706100464,55.18506121635437,0.007804155349731445
55.19941306114197,55.21074628829956,0.011333227157592773
55.20932412147522,55.2212860584259,0.011961936950683594
55.21765112876892,55.22775912284851,0.010107994079589844
55.227840185165405,55.23419404029846,0.006353855133056641
55.25023317337036,55.25693917274475,0.0067059993743896484
55.25861620903015,55.26468300819397,0.006066799163818359
55.26735496520996,55.27570629119873,0.008351325988769531
55.27808594703674,55.28467321395874,0.00658726692199707
55.300472259521484,55.30975127220154,0.009279012680053711
55.3101692199707,55.3151741027832,0.0050048828125
55.31748414039612,55.32522511482239,0.007740974426269531
55.32754898071289,55.334296226501465,0.006747245788574219
55.34907293319702,55.35768508911133,0.00861215591430664
55.35877823829651,55.36513423919678,0.006356000900268555
55.36976909637451,55.38250708580017,0.01273798942565918
55.37801814079285,55.38555908203125,0.00754094123840332
55.39926195144653,55.40399217605591,0.004730224609375
55.40927600860596,55.415749311447144,0.0064733028411865234
55.41703009605408,55.42089033126831,0.0038602352142333984
55.42805218696594,55.43365526199341,0.00560307502746582
55.449549198150635,55.45690608024597,0.007356882095336914
55.45804500579834,55.4600830078125,0.0020380020141601562
55.46821904182434,55.4712872505188,0.003068208694458008
55.47885799407959,55.49121809005737,0.012360095977783203
55.49923610687256,55.506715059280396,0.007478952407836914
55.50782799720764,55.513434171676636,0.005606174468994141
55.519010066986084,55.527865171432495,0.008855104446411133
55.528587102890015,55.53137803077698,0.0027909278869628906
55.54983830451965,55.55709910392761,0.007260799407958984
55.558722257614136,55.56691908836365,0.008196830749511719
55.56744909286499,55.57321810722351,0.005769014358520508
55.580212116241455,55.592440128326416,0.012228012084960938
55.59909105300903,55.60478401184082,0.005692958831787109
55.60859704017639,55.614368200302124,0.005771160125732422
55.61860013008118,55.62607502937317,0.0074748992919921875
55.6283061504364,55.63697004318237,0.00866389274597168
55.649943113327026,55.654667139053345,0.004724025726318359
55.658435106277466,55.66720914840698,0.008774042129516602
55.667237997055054,55.672455072402954,0.005217075347900391
55.678163051605225,55.68439316749573,0.00623011589050293
55.69996213912964,55.70552921295166,0.005567073822021484
55.7077100276947,55.717005252838135,0.009295225143432617
55.71879720687866,55.73566818237305,0.016870975494384766
55.731582164764404,55.738450050354004,0.006867885589599609
55.74969816207886,55.755887269973755,0.006189107894897461
55.758224964141846,55.76540923118591,0.007184267044067383
55.7682671546936,55.77396512031555,0.005697965621948242
55.77784705162048,55.780553102493286,0.0027060508728027344
55.79968023300171,55.808058977127075,0.008378744125366211
55.80877327919006,55.81572198867798,0.006948709487915039
55.817984104156494,55.825037240982056,0.0070531368255615234
55.82848119735718,55.83559727668762,0.007116079330444336
55.849544048309326,55.855340242385864,0.005796194076538086
55.85810112953186,55.863914012908936,0.005812883377075195
55.86819791793823,55.8776741027832,0.009476184844970703
55.878589153289795,55.88652300834656,0.007933855056762695
55.89954113960266,55.90458917617798,0.005048036575317383
55.90902400016785,55.917622089385986,0.008598089218139648
55.91818308830261,55.92115616798401,0.0029730796813964844
55.92876219749451,55.936136960983276,0.007374763488769531
55.94893717765808,55.95638728141785,0.007450103759765625
55.960105180740356,55.97238206863403,0.012276887893676758
55.96882510185242,55.97542405128479,0.006598949432373047
55.97751998901367,55.985077142715454,0.0075571537017822266
56.000545024871826,56.00618505477905,0.0056400299072265625
56.00940012931824,56.02151918411255,0.012119054794311523
56.020177125930786,56.027284145355225,0.0071070194244384766
